-- MySQL dump 10.13  Distrib 8.0.40, for Linux (x86_64)
--
-- Host: localhost    Database: laravel_ideta
-- ------------------------------------------------------
-- Server version	8.0.40-0ubuntu0.24.04.1

/*!40101 SET @OLD_CHARACTER_SET_CLIENT=@@CHARACTER_SET_CLIENT */;
/*!40101 SET @OLD_CHARACTER_SET_RESULTS=@@CHARACTER_SET_RESULTS */;
/*!40101 SET @OLD_COLLATION_CONNECTION=@@COLLATION_CONNECTION */;
/*!50503 SET NAMES utf8mb4 */;
/*!40103 SET @OLD_TIME_ZONE=@@TIME_ZONE */;
/*!40103 SET TIME_ZONE='+00:00' */;
/*!40014 SET @OLD_UNIQUE_CHECKS=@@UNIQUE_CHECKS, UNIQUE_CHECKS=0 */;
/*!40014 SET @OLD_FOREIGN_KEY_CHECKS=@@FOREIGN_KEY_CHECKS, FOREIGN_KEY_CHECKS=0 */;
/*!40101 SET @OLD_SQL_MODE=@@SQL_MODE, SQL_MODE='NO_AUTO_VALUE_ON_ZERO' */;
/*!40111 SET @OLD_SQL_NOTES=@@SQL_NOTES, SQL_NOTES=0 */;

--
-- Table structure for table `cache`
--

DROP TABLE IF EXISTS `cache`;
/*!40101 SET @saved_cs_client     = @@character_set_client */;
/*!50503 SET character_set_client = utf8mb4 */;
CREATE TABLE `cache` (
  `key` varchar(255) COLLATE utf8mb4_unicode_ci NOT NULL,
  `value` mediumtext COLLATE utf8mb4_unicode_ci NOT NULL,
  `expiration` int NOT NULL,
  PRIMARY KEY (`key`)
) ENGINE=InnoDB DEFAULT CHARSET=utf8mb4 COLLATE=utf8mb4_unicode_ci;
/*!40101 SET character_set_client = @saved_cs_client */;

--
-- Dumping data for table `cache`
--

LOCK TABLES `cache` WRITE;
/*!40000 ALTER TABLE `cache` DISABLE KEYS */;
/*!40000 ALTER TABLE `cache` ENABLE KEYS */;
UNLOCK TABLES;

--
-- Table structure for table `cache_locks`
--

DROP TABLE IF EXISTS `cache_locks`;
/*!40101 SET @saved_cs_client     = @@character_set_client */;
/*!50503 SET character_set_client = utf8mb4 */;
CREATE TABLE `cache_locks` (
  `key` varchar(255) COLLATE utf8mb4_unicode_ci NOT NULL,
  `owner` varchar(255) COLLATE utf8mb4_unicode_ci NOT NULL,
  `expiration` int NOT NULL,
  PRIMARY KEY (`key`)
) ENGINE=InnoDB DEFAULT CHARSET=utf8mb4 COLLATE=utf8mb4_unicode_ci;
/*!40101 SET character_set_client = @saved_cs_client */;

--
-- Dumping data for table `cache_locks`
--

LOCK TABLES `cache_locks` WRITE;
/*!40000 ALTER TABLE `cache_locks` DISABLE KEYS */;
/*!40000 ALTER TABLE `cache_locks` ENABLE KEYS */;
UNLOCK TABLES;

--
-- Table structure for table `categories`
--

DROP TABLE IF EXISTS `categories`;
/*!40101 SET @saved_cs_client     = @@character_set_client */;
/*!50503 SET character_set_client = utf8mb4 */;
CREATE TABLE `categories` (
  `id` bigint unsigned NOT NULL AUTO_INCREMENT,
  `user_id` bigint unsigned NOT NULL,
  `name` varchar(255) COLLATE utf8mb4_unicode_ci NOT NULL,
  `color` varchar(255) COLLATE utf8mb4_unicode_ci NOT NULL,
  `is_default` tinyint(1) NOT NULL DEFAULT '0',
  `created_at` timestamp NULL DEFAULT NULL,
  `updated_at` timestamp NULL DEFAULT NULL,
  PRIMARY KEY (`id`),
  KEY `categories_user_id_foreign` (`user_id`),
  CONSTRAINT `categories_user_id_foreign` FOREIGN KEY (`user_id`) REFERENCES `users` (`id`)
) ENGINE=InnoDB AUTO_INCREMENT=17 DEFAULT CHARSET=utf8mb4 COLLATE=utf8mb4_unicode_ci;
/*!40101 SET character_set_client = @saved_cs_client */;

--
-- Dumping data for table `categories`
--

LOCK TABLES `categories` WRITE;
/*!40000 ALTER TABLE `categories` DISABLE KEYS */;
INSERT INTO `categories` VALUES (1,1,'Todas','#000000',1,'2024-12-12 06:42:33','2024-12-12 06:42:33'),(2,1,'Como fazer amigos e influenciar pessoas','#0e00d6',0,'2024-12-12 06:43:22','2024-12-12 06:43:22'),(3,1,'Final de Ano','#fbff00',0,'2024-12-12 14:47:18','2024-12-12 14:47:18'),(4,1,'Podcasts','#00b3ff',0,'2024-12-12 17:23:54','2024-12-12 17:23:54'),(5,1,'Projetos','#00ff11',0,'2024-12-17 14:36:52','2024-12-17 14:36:52'),(6,1,'Fast MBA - Empreendedorismo.','#fbff00',0,'2024-12-18 20:59:42','2024-12-18 20:59:42'),(7,2,'Todas','#000000',1,'2024-12-24 00:40:15','2024-12-24 00:40:15'),(8,1,'Musculação','#ff0000',0,'2024-12-26 19:17:47','2024-12-26 19:17:47'),(9,1,'El Professor da Oratória','#ff1a1a',0,'2024-12-29 22:36:17','2024-12-29 22:36:17'),(10,1,'Youtube','#ff0000',0,'2024-12-29 22:36:31','2024-12-29 22:36:31'),(11,1,'História: XXX','#bd00ad',0,'2024-12-31 06:02:25','2024-12-31 06:02:25'),(13,2,'Teste 1','#919191',0,'2025-01-13 15:46:57','2025-01-13 15:46:57'),(16,1,'RPGs','#672c87',0,'2025-01-14 14:07:56','2025-01-14 14:07:56');
/*!40000 ALTER TABLE `categories` ENABLE KEYS */;
UNLOCK TABLES;

--
-- Table structure for table `categories_ideas`
--

DROP TABLE IF EXISTS `categories_ideas`;
/*!40101 SET @saved_cs_client     = @@character_set_client */;
/*!50503 SET character_set_client = utf8mb4 */;
CREATE TABLE `categories_ideas` (
  `id` bigint unsigned NOT NULL AUTO_INCREMENT,
  `category_id` bigint unsigned NOT NULL,
  `idea_id` bigint unsigned NOT NULL,
  PRIMARY KEY (`id`),
  KEY `categories_ideas_category_id_foreign` (`category_id`),
  KEY `categories_ideas_idea_id_foreign` (`idea_id`),
  CONSTRAINT `categories_ideas_category_id_foreign` FOREIGN KEY (`category_id`) REFERENCES `categories` (`id`),
  CONSTRAINT `categories_ideas_idea_id_foreign` FOREIGN KEY (`idea_id`) REFERENCES `ideas` (`id`)
) ENGINE=InnoDB AUTO_INCREMENT=51 DEFAULT CHARSET=utf8mb4 COLLATE=utf8mb4_unicode_ci;
/*!40101 SET character_set_client = @saved_cs_client */;

--
-- Dumping data for table `categories_ideas`
--

LOCK TABLES `categories_ideas` WRITE;
/*!40000 ALTER TABLE `categories_ideas` DISABLE KEYS */;
INSERT INTO `categories_ideas` VALUES (1,2,1),(2,1,1),(3,3,2),(4,1,2),(5,4,3),(6,1,3),(7,4,4),(8,1,4),(9,2,5),(10,1,5),(11,5,6),(12,1,6),(13,6,7),(14,1,7),(15,5,8),(16,1,8),(17,5,9),(18,1,9),(19,8,10),(20,1,10),(22,8,12),(23,1,12),(24,8,13),(25,1,13),(26,9,14),(27,10,14),(28,1,14),(29,8,15),(30,1,15),(31,8,16),(32,1,16),(33,3,17),(34,1,17),(35,11,18),(36,1,18),(37,6,19),(38,1,19),(39,2,20),(40,1,20),(41,13,21),(42,7,21),(43,13,22),(44,7,22),(47,16,24),(48,1,24),(49,2,25),(50,1,25);
/*!40000 ALTER TABLE `categories_ideas` ENABLE KEYS */;
UNLOCK TABLES;

--
-- Table structure for table `failed_jobs`
--

DROP TABLE IF EXISTS `failed_jobs`;
/*!40101 SET @saved_cs_client     = @@character_set_client */;
/*!50503 SET character_set_client = utf8mb4 */;
CREATE TABLE `failed_jobs` (
  `id` bigint unsigned NOT NULL AUTO_INCREMENT,
  `uuid` varchar(255) COLLATE utf8mb4_unicode_ci NOT NULL,
  `connection` text COLLATE utf8mb4_unicode_ci NOT NULL,
  `queue` text COLLATE utf8mb4_unicode_ci NOT NULL,
  `payload` longtext COLLATE utf8mb4_unicode_ci NOT NULL,
  `exception` longtext COLLATE utf8mb4_unicode_ci NOT NULL,
  `failed_at` timestamp NOT NULL DEFAULT CURRENT_TIMESTAMP,
  PRIMARY KEY (`id`),
  UNIQUE KEY `failed_jobs_uuid_unique` (`uuid`)
) ENGINE=InnoDB DEFAULT CHARSET=utf8mb4 COLLATE=utf8mb4_unicode_ci;
/*!40101 SET character_set_client = @saved_cs_client */;

--
-- Dumping data for table `failed_jobs`
--

LOCK TABLES `failed_jobs` WRITE;
/*!40000 ALTER TABLE `failed_jobs` DISABLE KEYS */;
/*!40000 ALTER TABLE `failed_jobs` ENABLE KEYS */;
UNLOCK TABLES;

--
-- Table structure for table `ideas`
--

DROP TABLE IF EXISTS `ideas`;
/*!40101 SET @saved_cs_client     = @@character_set_client */;
/*!50503 SET character_set_client = utf8mb4 */;
CREATE TABLE `ideas` (
  `id` bigint unsigned NOT NULL AUTO_INCREMENT,
  `user_id` bigint unsigned NOT NULL,
  `title` varchar(255) COLLATE utf8mb4_unicode_ci NOT NULL,
  `created_at` timestamp NULL DEFAULT NULL,
  `updated_at` timestamp NULL DEFAULT NULL,
  PRIMARY KEY (`id`),
  KEY `ideas_user_id_foreign` (`user_id`),
  CONSTRAINT `ideas_user_id_foreign` FOREIGN KEY (`user_id`) REFERENCES `users` (`id`)
) ENGINE=InnoDB AUTO_INCREMENT=26 DEFAULT CHARSET=utf8mb4 COLLATE=utf8mb4_unicode_ci;
/*!40101 SET character_set_client = @saved_cs_client */;

--
-- Dumping data for table `ideas`
--

LOCK TABLES `ideas` WRITE;
/*!40000 ALTER TABLE `ideas` DISABLE KEYS */;
INSERT INTO `ideas` VALUES (1,1,'Se você quer colher o mel, não chute a comeia','2024-12-12 06:45:11','2024-12-12 06:45:11'),(2,1,'Textos (2025)','2024-12-12 14:48:13','2024-12-12 14:48:13'),(3,1,'O segredo de saber se comunicar - Phelipe Siani - Joel Jota','2024-12-12 17:24:41','2024-12-12 17:24:41'),(4,1,'Como ter uma vida equilibrada? (DR. BARAKAT) | Joel Jota Podcast #88','2024-12-16 22:27:29','2024-12-16 22:27:29'),(5,1,'Grande segredo para lidar com pessoas','2024-12-17 13:59:38','2024-12-17 13:59:38'),(6,1,'Atualizações','2024-12-17 14:37:18','2024-12-17 14:37:18'),(7,1,'Seção 4: IDEIA: Value proposition design - transformando a ideia de proposta de valor','2024-12-18 21:01:14','2024-12-18 21:01:14'),(8,1,'Projeto para pizzarias ou lanchonetes que trabalham com entrega de lanches','2024-12-24 00:44:11','2024-12-24 00:44:11'),(9,1,'Projeto de agendamento de serviços','2024-12-24 01:03:48','2024-12-24 01:03:48'),(10,1,'Tudo que você precisa saber sobre calistenia #1','2024-12-26 19:19:19','2024-12-26 19:19:19'),(12,1,'Pré-treino e os impactos dos carboidratos na sua alimentação #2','2024-12-26 22:02:31','2024-12-26 22:02:31'),(13,1,'Dicas INFALÍVEIS para GANHAR PESO | Impossível não funcionar #3','2024-12-27 01:44:23','2024-12-27 01:44:23'),(14,1,'5 exercícios para treinar oratória em casa #1','2024-12-29 22:36:57','2024-12-29 22:36:57'),(15,1,'Rotina de Treino','2024-12-29 23:21:00','2024-12-29 23:21:00'),(16,1,'Quanto tempo descansar entre as séries e por que isso é importante? #4','2024-12-30 00:50:34','2024-12-30 00:50:34'),(17,1,'Culto de Ação de Graças','2024-12-30 15:24:41','2024-12-30 15:24:41'),(18,1,'Mundo','2024-12-31 06:02:50','2024-12-31 06:02:50'),(19,1,'Seção 5: Business Model Canvas - Desenvolvendo o modelo de negócios','2025-01-06 17:42:12','2025-01-06 17:42:12'),(20,1,'Quem consegue isso tem o mundo inteiro a seu lado; quem não consegue trilha um caminho solitário','2025-01-07 02:33:42','2025-01-07 02:33:42'),(21,2,'Ideia 01','2025-01-13 15:47:21','2025-01-13 15:47:21'),(22,2,'Ideia 02','2025-01-13 15:47:36','2025-01-13 15:48:00'),(24,1,'História do Matheus Philips','2025-01-14 14:09:08','2025-01-14 14:09:08'),(25,1,'Faça isso e você será bem-vindo em qualquer lugar','2025-01-15 13:57:25','2025-01-15 13:57:25');
/*!40000 ALTER TABLE `ideas` ENABLE KEYS */;
UNLOCK TABLES;

--
-- Table structure for table `job_batches`
--

DROP TABLE IF EXISTS `job_batches`;
/*!40101 SET @saved_cs_client     = @@character_set_client */;
/*!50503 SET character_set_client = utf8mb4 */;
CREATE TABLE `job_batches` (
  `id` varchar(255) COLLATE utf8mb4_unicode_ci NOT NULL,
  `name` varchar(255) COLLATE utf8mb4_unicode_ci NOT NULL,
  `total_jobs` int NOT NULL,
  `pending_jobs` int NOT NULL,
  `failed_jobs` int NOT NULL,
  `failed_job_ids` longtext COLLATE utf8mb4_unicode_ci NOT NULL,
  `options` mediumtext COLLATE utf8mb4_unicode_ci,
  `cancelled_at` int DEFAULT NULL,
  `created_at` int NOT NULL,
  `finished_at` int DEFAULT NULL,
  PRIMARY KEY (`id`)
) ENGINE=InnoDB DEFAULT CHARSET=utf8mb4 COLLATE=utf8mb4_unicode_ci;
/*!40101 SET character_set_client = @saved_cs_client */;

--
-- Dumping data for table `job_batches`
--

LOCK TABLES `job_batches` WRITE;
/*!40000 ALTER TABLE `job_batches` DISABLE KEYS */;
/*!40000 ALTER TABLE `job_batches` ENABLE KEYS */;
UNLOCK TABLES;

--
-- Table structure for table `jobs`
--

DROP TABLE IF EXISTS `jobs`;
/*!40101 SET @saved_cs_client     = @@character_set_client */;
/*!50503 SET character_set_client = utf8mb4 */;
CREATE TABLE `jobs` (
  `id` bigint unsigned NOT NULL AUTO_INCREMENT,
  `queue` varchar(255) COLLATE utf8mb4_unicode_ci NOT NULL,
  `payload` longtext COLLATE utf8mb4_unicode_ci NOT NULL,
  `attempts` tinyint unsigned NOT NULL,
  `reserved_at` int unsigned DEFAULT NULL,
  `available_at` int unsigned NOT NULL,
  `created_at` int unsigned NOT NULL,
  PRIMARY KEY (`id`),
  KEY `jobs_queue_index` (`queue`)
) ENGINE=InnoDB DEFAULT CHARSET=utf8mb4 COLLATE=utf8mb4_unicode_ci;
/*!40101 SET character_set_client = @saved_cs_client */;

--
-- Dumping data for table `jobs`
--

LOCK TABLES `jobs` WRITE;
/*!40000 ALTER TABLE `jobs` DISABLE KEYS */;
/*!40000 ALTER TABLE `jobs` ENABLE KEYS */;
UNLOCK TABLES;

--
-- Table structure for table `logs`
--

DROP TABLE IF EXISTS `logs`;
/*!40101 SET @saved_cs_client     = @@character_set_client */;
/*!50503 SET character_set_client = utf8mb4 */;
CREATE TABLE `logs` (
  `id` bigint unsigned NOT NULL AUTO_INCREMENT,
  `user_id` bigint unsigned NOT NULL,
  `action` varchar(255) COLLATE utf8mb4_unicode_ci NOT NULL,
  `modelable_type` varchar(255) COLLATE utf8mb4_unicode_ci NOT NULL,
  `modelable_id` bigint unsigned NOT NULL,
  `content` json NOT NULL,
  `created_at` timestamp NULL DEFAULT NULL,
  `updated_at` timestamp NULL DEFAULT NULL,
  PRIMARY KEY (`id`),
  KEY `logs_user_id_foreign` (`user_id`),
  KEY `logs_modelable_type_modelable_id_index` (`modelable_type`,`modelable_id`),
  CONSTRAINT `logs_user_id_foreign` FOREIGN KEY (`user_id`) REFERENCES `users` (`id`)
) ENGINE=InnoDB AUTO_INCREMENT=23 DEFAULT CHARSET=utf8mb4 COLLATE=utf8mb4_unicode_ci;
/*!40101 SET character_set_client = @saved_cs_client */;

--
-- Dumping data for table `logs`
--

LOCK TABLES `logs` WRITE;
/*!40000 ALTER TABLE `logs` DISABLE KEYS */;
INSERT INTO `logs` VALUES (1,2,'Deletando categoria: Teste 2','App\\Models\\Category',14,'{\"id\": 14, \"name\": \"Teste 2\", \"user\": {\"id\": 2, \"name\": \"Daniel Cauan\", \"email\": \"danielcauanpa299@gmail.com\", \"metric\": {\"id\": 2, \"user_id\": 2, \"created_at\": \"2025-01-13T17:07:01.000000Z\", \"updated_at\": \"2025-01-13T17:07:25.000000Z\", \"total_ideas\": 2, \"total_notes\": 6, \"total_categories\": 2, \"total_usage_time\": 7436, \"last_category_created\": null}, \"created_at\": \"2024-12-23T21:40:15.000000Z\", \"updated_at\": \"2024-12-23T21:40:15.000000Z\", \"email_verified_at\": null}, \"color\": \"#d04343\", \"user_id\": 2, \"created_at\": \"2025-01-13T14:59:48.000000Z\", \"is_default\": 0, \"updated_at\": \"2025-01-13T15:03:29.000000Z\"}','2025-01-13 20:07:25','2025-01-13 20:07:25'),(2,2,'Criando categoria: Teste 2','App\\Models\\Category',15,'{\"id\": 15, \"name\": \"Teste 2\", \"user\": {\"id\": 2, \"name\": \"Daniel Cauan\", \"email\": \"danielcauanpa299@gmail.com\", \"metric\": {\"id\": 2, \"user_id\": 2, \"created_at\": \"2025-01-13T17:07:01.000000Z\", \"updated_at\": \"2025-01-13T17:08:04.000000Z\", \"total_ideas\": 2, \"total_notes\": 6, \"total_categories\": 3, \"total_usage_time\": 7475, \"last_category_created\": 15}, \"created_at\": \"2024-12-23T21:40:15.000000Z\", \"updated_at\": \"2024-12-23T21:40:15.000000Z\", \"email_verified_at\": null}, \"color\": \"#000000\", \"user_id\": 2, \"created_at\": \"2025-01-13T17:08:04.000000Z\", \"updated_at\": \"2025-01-13T17:08:04.000000Z\"}','2025-01-13 20:08:04','2025-01-13 20:08:04'),(3,2,'Editando categoria: Teste 2','App\\Models\\Category',15,'{\"id\": 15, \"name\": \"Teste 2\", \"user\": {\"id\": 2, \"name\": \"Daniel Cauan\", \"email\": \"danielcauanpa299@gmail.com\", \"metric\": {\"id\": 2, \"user_id\": 2, \"created_at\": \"2025-01-13T17:07:01.000000Z\", \"updated_at\": \"2025-01-13T17:08:13.000000Z\", \"total_ideas\": 2, \"total_notes\": 6, \"total_categories\": 3, \"total_usage_time\": 7484, \"last_category_created\": 15}, \"created_at\": \"2024-12-23T21:40:15.000000Z\", \"updated_at\": \"2024-12-23T21:40:15.000000Z\", \"email_verified_at\": null}, \"color\": \"#ff0000\", \"user_id\": 2, \"created_at\": \"2025-01-13T17:08:04.000000Z\", \"is_default\": 0, \"updated_at\": \"2025-01-13T17:08:13.000000Z\"}','2025-01-13 20:08:13','2025-01-13 20:08:13'),(4,2,'Deletando categoria: Teste 2','App\\Models\\Category',15,'{\"id\": 15, \"name\": \"Teste 2\", \"user\": {\"id\": 2, \"name\": \"Daniel Cauan\", \"email\": \"danielcauanpa299@gmail.com\", \"metric\": {\"id\": 2, \"user_id\": 2, \"created_at\": \"2025-01-13T17:07:01.000000Z\", \"updated_at\": \"2025-01-13T17:08:30.000000Z\", \"total_ideas\": 2, \"total_notes\": 6, \"total_categories\": 2, \"total_usage_time\": 7501, \"last_category_created\": null}, \"created_at\": \"2024-12-23T21:40:15.000000Z\", \"updated_at\": \"2024-12-23T21:40:15.000000Z\", \"email_verified_at\": null}, \"color\": \"#ff0000\", \"user_id\": 2, \"created_at\": \"2025-01-13T17:08:04.000000Z\", \"is_default\": 0, \"updated_at\": \"2025-01-13T17:08:13.000000Z\"}','2025-01-13 20:08:30','2025-01-13 20:08:30'),(5,2,'Criando ideia: Teste 1','App\\Models\\Idea',23,'{\"id\": 23, \"user\": {\"id\": 2, \"name\": \"Daniel Cauan\", \"email\": \"danielcauanpa299@gmail.com\", \"metric\": {\"id\": 2, \"user_id\": 2, \"created_at\": \"2025-01-13T17:07:01.000000Z\", \"updated_at\": \"2025-01-13T17:08:49.000000Z\", \"total_ideas\": 3, \"total_notes\": 6, \"total_categories\": 2, \"total_usage_time\": 7520, \"last_category_created\": null}, \"created_at\": \"2024-12-23T21:40:15.000000Z\", \"updated_at\": \"2024-12-23T21:40:15.000000Z\", \"email_verified_at\": null}, \"title\": \"Teste 1\", \"user_id\": 2, \"created_at\": \"2025-01-13T17:08:49.000000Z\", \"updated_at\": \"2025-01-13T17:08:49.000000Z\"}','2025-01-13 20:08:49','2025-01-13 20:08:49'),(6,2,'Editando ideia: Teste 1 - RPCa','App\\Models\\Idea',23,'{\"id\": 23, \"user\": {\"id\": 2, \"name\": \"Daniel Cauan\", \"email\": \"danielcauanpa299@gmail.com\", \"metric\": {\"id\": 2, \"user_id\": 2, \"created_at\": \"2025-01-13T17:07:01.000000Z\", \"updated_at\": \"2025-01-13T17:09:05.000000Z\", \"total_ideas\": 3, \"total_notes\": 6, \"total_categories\": 2, \"total_usage_time\": 7536, \"last_category_created\": null}, \"created_at\": \"2024-12-23T21:40:15.000000Z\", \"updated_at\": \"2024-12-23T21:40:15.000000Z\", \"email_verified_at\": null}, \"title\": \"Teste 1 - RPCa\", \"user_id\": 2, \"created_at\": \"2025-01-13T17:08:49.000000Z\", \"updated_at\": \"2025-01-13T17:09:05.000000Z\"}','2025-01-13 20:09:05','2025-01-13 20:09:05'),(7,2,'Deletando ideia: Teste 1 - RPCa','App\\Models\\Idea',23,'{\"id\": 23, \"user\": {\"id\": 2, \"name\": \"Daniel Cauan\", \"email\": \"danielcauanpa299@gmail.com\", \"metric\": {\"id\": 2, \"user_id\": 2, \"created_at\": \"2025-01-13T17:07:01.000000Z\", \"updated_at\": \"2025-01-13T17:09:22.000000Z\", \"total_ideas\": 2, \"total_notes\": 6, \"total_categories\": 2, \"total_usage_time\": 7553, \"last_category_created\": null}, \"created_at\": \"2024-12-23T21:40:15.000000Z\", \"updated_at\": \"2024-12-23T21:40:15.000000Z\", \"email_verified_at\": null}, \"title\": \"Teste 1 - RPCa\", \"user_id\": 2, \"created_at\": \"2025-01-13T17:08:49.000000Z\", \"updated_at\": \"2025-01-13T17:09:05.000000Z\"}','2025-01-13 20:09:22','2025-01-13 20:09:22'),(8,2,'Criando anotação: Mjk2','App\\Models\\Note',296,'{\"id\": 296, \"body\": \"<p>Que massa</p>\", \"user\": {\"id\": 2, \"name\": \"Daniel Cauan\", \"email\": \"danielcauanpa299@gmail.com\", \"metric\": {\"id\": 2, \"user_id\": 2, \"created_at\": \"2025-01-13T17:07:01.000000Z\", \"updated_at\": \"2025-01-13T17:09:44.000000Z\", \"total_ideas\": 2, \"total_notes\": 7, \"total_categories\": 2, \"total_usage_time\": 7575, \"last_category_created\": null}, \"created_at\": \"2024-12-23T21:40:15.000000Z\", \"updated_at\": \"2024-12-23T21:40:15.000000Z\", \"email_verified_at\": null}, \"idea_id\": \"21\", \"user_id\": 2, \"position\": 3, \"created_at\": \"2025-01-13T17:09:44.000000Z\", \"updated_at\": \"2025-01-13T17:09:44.000000Z\"}','2025-01-13 20:09:44','2025-01-13 20:09:44'),(9,2,'Deletando anotação: Mjk2','App\\Models\\Note',296,'{\"id\": 296, \"body\": \"<p>Que massa</p>\", \"user\": {\"id\": 2, \"name\": \"Daniel Cauan\", \"email\": \"danielcauanpa299@gmail.com\", \"metric\": {\"id\": 2, \"user_id\": 2, \"created_at\": \"2025-01-13T17:07:01.000000Z\", \"updated_at\": \"2025-01-13T17:09:50.000000Z\", \"total_ideas\": 2, \"total_notes\": 6, \"total_categories\": 2, \"total_usage_time\": 7581, \"last_category_created\": null}, \"created_at\": \"2024-12-23T21:40:15.000000Z\", \"updated_at\": \"2024-12-23T21:40:15.000000Z\", \"email_verified_at\": null}, \"idea_id\": 21, \"user_id\": 2, \"position\": 3, \"created_at\": \"2025-01-13T17:09:44.000000Z\", \"updated_at\": \"2025-01-13T17:09:44.000000Z\"}','2025-01-13 20:09:50','2025-01-13 20:09:50'),(10,1,'Criando categoria: RPGs','App\\Models\\Category',16,'{\"id\": 16, \"name\": \"RPGs\", \"user\": {\"id\": 1, \"name\": \"Lêvy P. Alves\", \"email\": \"levy.pereiraA1532@gmail.com\", \"metric\": {\"id\": 1, \"user_id\": 1, \"created_at\": \"2025-01-13T17:07:01.000000Z\", \"updated_at\": \"2025-01-14T11:07:56.000000Z\", \"total_ideas\": 19, \"total_notes\": 269, \"total_categories\": 11, \"total_usage_time\": 2016, \"last_category_created\": 16}, \"created_at\": \"2024-12-12T03:42:33.000000Z\", \"updated_at\": \"2025-01-10T02:08:56.000000Z\", \"email_verified_at\": null}, \"color\": \"#672c87\", \"user_id\": 1, \"created_at\": \"2025-01-14T11:07:56.000000Z\", \"updated_at\": \"2025-01-14T11:07:56.000000Z\"}','2025-01-14 14:07:56','2025-01-14 14:07:56'),(11,1,'Criando ideia: História do Matheus Philips','App\\Models\\Idea',24,'{\"id\": 24, \"user\": {\"id\": 1, \"name\": \"Lêvy P. Alves\", \"email\": \"levy.pereiraA1532@gmail.com\", \"metric\": {\"id\": 1, \"user_id\": 1, \"created_at\": \"2025-01-13T17:07:01.000000Z\", \"updated_at\": \"2025-01-14T11:09:08.000000Z\", \"total_ideas\": 20, \"total_notes\": 269, \"total_categories\": 11, \"total_usage_time\": 2088, \"last_category_created\": 16}, \"created_at\": \"2024-12-12T03:42:33.000000Z\", \"updated_at\": \"2025-01-10T02:08:56.000000Z\", \"email_verified_at\": null}, \"title\": \"História do Matheus Philips\", \"user_id\": 1, \"created_at\": \"2025-01-14T11:09:08.000000Z\", \"updated_at\": \"2025-01-14T11:09:08.000000Z\"}','2025-01-14 14:09:08','2025-01-14 14:09:08'),(12,1,'Criando anotação: Mjk3','App\\Models\\Note',297,'{\"id\": 297, \"body\": \"<p>Nome do Agente: Matheus Phillips<br>Idade: 26 anos<br>Aparência: Cabelo violeta claro, usa piercing na sombrancelha direita, e brinco na orelha direita, tem uma barba em ralinha, um cabelo curto, usa um sobretudo com flores rosas na cor violeta.</p>\", \"user\": {\"id\": 1, \"name\": \"Lêvy P. Alves\", \"email\": \"levy.pereiraA1532@gmail.com\", \"metric\": {\"id\": 1, \"user_id\": 1, \"created_at\": \"2025-01-13T17:07:01.000000Z\", \"updated_at\": \"2025-01-14T11:15:59.000000Z\", \"total_ideas\": 20, \"total_notes\": 270, \"total_categories\": 11, \"total_usage_time\": 2499, \"last_category_created\": 16}, \"created_at\": \"2024-12-12T03:42:33.000000Z\", \"updated_at\": \"2025-01-10T02:08:56.000000Z\", \"email_verified_at\": null}, \"idea_id\": \"24\", \"user_id\": 1, \"position\": 0, \"created_at\": \"2025-01-14T11:15:58.000000Z\", \"updated_at\": \"2025-01-14T11:15:58.000000Z\"}','2025-01-14 14:15:59','2025-01-14 14:15:59'),(13,1,'Criando anotação: Mjk4','App\\Models\\Note',298,'{\"id\": 298, \"body\": \"<p>Matheus Phillips ingressou no exercito ao 18 anos, e estava seguindo carreira militar mas após uma missão de reconhecimento na amazônia ele nunca mais foi o mesmo, ele viu seu amigo morrer pra uma criatura na qual ele desconhecia, isso o abalou, e muitos dos homens que estavam com ele no final do combate com a criatura que desapareceu, o governo acobertou tudo, e disseram que os homens não estavam muito bem da cabeça, desacreditado da realidade, Matheus correu atrás da verdade, até encontrar algo, e foi assim que ele encontrou a Ordo Realista, em uma de suas missões, foi visto como um homem promissor e foi chamado para a mesma, após isso ele saiu do exercito pois ele não via mais sentido em ficar em um lugar onde ignoravam o que viera acabado de acontecer, Matheus se consolida na Ordo Realista como atirador a distancia, sendo bem carismático e parceiro, a maioria das missão ele faz em dupla ou sozinho,&nbsp;</p>\", \"user\": {\"id\": 1, \"name\": \"Lêvy P. Alves\", \"email\": \"levy.pereiraA1532@gmail.com\", \"metric\": {\"id\": 1, \"user_id\": 1, \"created_at\": \"2025-01-13T17:07:01.000000Z\", \"updated_at\": \"2025-01-14T11:25:52.000000Z\", \"total_ideas\": 20, \"total_notes\": 271, \"total_categories\": 11, \"total_usage_time\": 3092, \"last_category_created\": 16}, \"created_at\": \"2024-12-12T03:42:33.000000Z\", \"updated_at\": \"2025-01-10T02:08:56.000000Z\", \"email_verified_at\": null}, \"idea_id\": \"24\", \"user_id\": 1, \"position\": 1, \"created_at\": \"2025-01-14T11:25:52.000000Z\", \"updated_at\": \"2025-01-14T11:25:52.000000Z\"}','2025-01-14 14:25:52','2025-01-14 14:25:52'),(14,1,'Criando ideia: Faça isso e você será bem-vindo em qualquer lugar','App\\Models\\Idea',25,'{\"id\": 25, \"user\": {\"id\": 1, \"name\": \"Lêvy P. Alves\", \"email\": \"levy.pereiraA1532@gmail.com\", \"metric\": {\"id\": 1, \"user_id\": 1, \"created_at\": \"2025-01-13T17:07:01.000000Z\", \"updated_at\": \"2025-01-15T10:57:25.000000Z\", \"total_ideas\": 21, \"total_notes\": 271, \"total_categories\": 11, \"total_usage_time\": 3568, \"last_category_created\": 16}, \"created_at\": \"2024-12-12T03:42:33.000000Z\", \"updated_at\": \"2025-01-10T02:08:56.000000Z\", \"email_verified_at\": null}, \"title\": \"Faça isso e você será bem-vindo em qualquer lugar\", \"user_id\": 1, \"created_at\": \"2025-01-15T10:57:25.000000Z\", \"updated_at\": \"2025-01-15T10:57:25.000000Z\"}','2025-01-15 13:57:25','2025-01-15 13:57:25'),(15,1,'Criando anotação: Mjk5','App\\Models\\Note',299,'{\"id\": 299, \"body\": \"<p>Você nunca leu um livro de psicologia, Tippy. Não precisava. Sabia, por algum instinto divino, que conseguia fazer mais amigos em dois meses demonstrando interesse genuíno pelos outros do que em dois anos tentando fazer os outros se interessarem por você. Vou repetir. É possível fazer mais amigos em dois meses demonstrando interesse por eles do que em dois anos tentando fazer com que os outros se interessem por você.</p>\", \"user\": {\"id\": 1, \"name\": \"Lêvy P. Alves\", \"email\": \"levy.pereiraA1532@gmail.com\", \"metric\": {\"id\": 1, \"user_id\": 1, \"created_at\": \"2025-01-13T17:07:01.000000Z\", \"updated_at\": \"2025-01-15T10:57:53.000000Z\", \"total_ideas\": 21, \"total_notes\": 272, \"total_categories\": 11, \"total_usage_time\": 3596, \"last_category_created\": 16}, \"created_at\": \"2024-12-12T03:42:33.000000Z\", \"updated_at\": \"2025-01-10T02:08:56.000000Z\", \"email_verified_at\": null}, \"idea_id\": \"25\", \"user_id\": 1, \"position\": 0, \"created_at\": \"2025-01-15T10:57:53.000000Z\", \"updated_at\": \"2025-01-15T10:57:53.000000Z\"}','2025-01-15 13:57:53','2025-01-15 13:57:53'),(16,1,'Criando anotação: MzAw','App\\Models\\Note',300,'{\"id\": 300, \"body\": \"<p>No entanto, nós sabemos que, na prática, as pessoas tropeçam pela vida afora tentando fazer com que os outros se interessem por elas. Claro que essa tática não funciona. Ninguém quer saber de você. Ninguém quer saber de mim. As pessoas só querem saber de si mesmas – de manhã, ao meio-dia e depois do jantar.<br>A Companhia Telefônica de Nova York elaborou um estudo detalhado de conversas telefônicas para descobrir a palavra mais usada. Você já sabe qual é: o pronome pessoal “eu”, que foi usado 3.900 vezes em 500 ligações. Quando você vê uma foto de grupo, quem procura em primeiro lugar?<br>Se tentarmos apenas impressionar as pessoas e despertar o interesse delas por nós, nunca teremos muitos amigos sinceros. Não é assim que se conquista um amigo de verdade.</p>\", \"user\": {\"id\": 1, \"name\": \"Lêvy P. Alves\", \"email\": \"levy.pereiraA1532@gmail.com\", \"metric\": {\"id\": 1, \"user_id\": 1, \"created_at\": \"2025-01-13T17:07:01.000000Z\", \"updated_at\": \"2025-01-15T11:02:48.000000Z\", \"total_ideas\": 21, \"total_notes\": 273, \"total_categories\": 11, \"total_usage_time\": 3891, \"last_category_created\": 16}, \"created_at\": \"2024-12-12T03:42:33.000000Z\", \"updated_at\": \"2025-01-10T02:08:56.000000Z\", \"email_verified_at\": null}, \"idea_id\": \"25\", \"user_id\": 1, \"position\": 1, \"created_at\": \"2025-01-15T11:02:48.000000Z\", \"updated_at\": \"2025-01-15T11:02:48.000000Z\"}','2025-01-15 14:02:48','2025-01-15 14:02:48'),(17,1,'Criando anotação: MzAx','App\\Models\\Note',301,'{\"id\": 301, \"body\": \"<p>O renomado psicólogo austríaco Alfred Adler escreveu um livro chamado What Life Should Mean to You (O que a vida deve significar para você), no qual afirma: “O indivíduo que não se interessa pelo seu semelhante passa pelas maiores dificuldades na vida e causa os maiores males aos outros. É entre esses indivíduos que se verificam todos os fracassos humanos.”</p>\", \"user\": {\"id\": 1, \"name\": \"Lêvy P. Alves\", \"email\": \"levy.pereiraA1532@gmail.com\", \"metric\": {\"id\": 1, \"user_id\": 1, \"created_at\": \"2025-01-13T17:07:01.000000Z\", \"updated_at\": \"2025-01-15T11:03:06.000000Z\", \"total_ideas\": 21, \"total_notes\": 274, \"total_categories\": 11, \"total_usage_time\": 3909, \"last_category_created\": 16}, \"created_at\": \"2024-12-12T03:42:33.000000Z\", \"updated_at\": \"2025-01-10T02:08:56.000000Z\", \"email_verified_at\": null}, \"idea_id\": \"25\", \"user_id\": 1, \"position\": 2, \"created_at\": \"2025-01-15T11:03:06.000000Z\", \"updated_at\": \"2025-01-15T11:03:06.000000Z\"}','2025-01-15 14:03:06','2025-01-15 14:03:06'),(18,1,'Criando anotação: MzAy','App\\Models\\Note',302,'{\"id\": 302, \"body\": \"<p>Em segundo lugar, Thurston tinha um interesse genuíno pelas pessoas. Ele me revelou que muitos mágicos olhavam para a plateia e diziam a si mesmos: “Aí está um bando de bobos, um bando de caipiras. Vou enganar todo mundo.” O método de Thurston, porém, era totalmente diferente. Ele me contou que cada vez que subia ao palco dizia a si mesmo: “Eu me sinto grato porque essas pessoas vieram me ver. Graças a elas consigo ganhar a vida fazendo o que gosto. Vou lhes proporcionar o melhor espetáculo possível.”<br>Ele declarou que nunca pisava no palco sem primeiro repetir para si mesmo: “Eu amo meu público. Eu amo meu público.” Ridículo? Absurdo? Você tem o direito de pensar o que quiser. Estou apenas reproduzindo, sem fazer comentários, uma receita utilizada por um dos mais famosos mágicos de todos os tempos.</p>\", \"user\": {\"id\": 1, \"name\": \"Lêvy P. Alves\", \"email\": \"levy.pereiraA1532@gmail.com\", \"metric\": {\"id\": 1, \"user_id\": 1, \"created_at\": \"2025-01-13T17:07:01.000000Z\", \"updated_at\": \"2025-01-15T11:12:25.000000Z\", \"total_ideas\": 21, \"total_notes\": 275, \"total_categories\": 11, \"total_usage_time\": 4468, \"last_category_created\": 16}, \"created_at\": \"2024-12-12T03:42:33.000000Z\", \"updated_at\": \"2025-01-10T02:08:56.000000Z\", \"email_verified_at\": null}, \"idea_id\": \"25\", \"user_id\": 1, \"position\": 3, \"created_at\": \"2025-01-15T11:12:25.000000Z\", \"updated_at\": \"2025-01-15T11:12:25.000000Z\"}','2025-01-15 14:12:25','2025-01-15 14:12:25'),(19,1,'Criando anotação: MzAz','App\\Models\\Note',303,'{\"id\": 303, \"body\": \"<p>George Dyke, de North Warren, Pensilvânia, foi obrigado a deixar seu posto de gasolina e oficina mecânica após 30 anos de trabalho quando construíram uma autoestrada que passava bem no terreno onde estava seu negócio. Não demorou muito para que os dias ociosos da aposentadoria o deixassem entediado; assim, ele começou a passar o tempo tocando seu velho violino. Não demorou para que começasse a viajar pela região a fim de ouvir música e conversar com violinistas talentosos da área. Com seu jeito humilde e amistoso, George procurava descobrir o passado e os interesses de cada músico que conhecia.<br>Embora não fosse um grande violinista, fez muitas amizades. Comparecia a festivais e logo se tornou conhecido entre os fãs de música country como “Tio George, o Arranhador de Cordas de Violino do Condado de Kinzua”. Naquela época Tio George estava com 72 anos e aproveitava cada minuto de sua vida. Ao manter um interesse genuíno pelas outras pessoas, ele criou um novo mundo para si numa fase da vida em que a maioria das pessoas considera que sua capacidade produtiva já acabou.</p>\", \"user\": {\"id\": 1, \"name\": \"Lêvy P. Alves\", \"email\": \"levy.pereiraA1532@gmail.com\", \"metric\": {\"id\": 1, \"user_id\": 1, \"created_at\": \"2025-01-13T17:07:01.000000Z\", \"updated_at\": \"2025-01-15T11:16:57.000000Z\", \"total_ideas\": 21, \"total_notes\": 276, \"total_categories\": 11, \"total_usage_time\": 4740, \"last_category_created\": 16}, \"created_at\": \"2024-12-12T03:42:33.000000Z\", \"updated_at\": \"2025-01-10T02:08:56.000000Z\", \"email_verified_at\": null}, \"idea_id\": \"25\", \"user_id\": 1, \"position\": 4, \"created_at\": \"2025-01-15T11:16:57.000000Z\", \"updated_at\": \"2025-01-15T11:16:57.000000Z\"}','2025-01-15 14:16:57','2025-01-15 14:16:57'),(20,1,'Criando anotação: MzA0','App\\Models\\Note',304,'{\"id\": 304, \"body\": \"<p>Esse também era um dos segredos da espantosa popularidade de Theodore Roosevelt. Até os empregados domésticos o amavam. Seu valete, James E. Amos, escreveu um livro sobre ele chamado Theodore Roosevelt, Hero to His Valet (Theodore Roosevelt, um herói para seu valete). Na obra, o Sr. Amos relata um incidente esclarecedor:</p><p><i>Certo dia minha mulher perguntou ao presidente sobre um determinado tipo de perdiz. Ela nunca tinha visto aquele tipo específico, e Roosevelt descreveu o animal em detalhes. Tempos depois, tocou o telefone na nossa casa. [Amos e a mulher moravam numa casinha na propriedade de Roosevelt em Oyster Bay.] Minha mulher atendeu e era o Sr. Roosevelt do outro lado da linha. Ele havia telefonado para avisar que uma perdiz daquela raça estava perto da nossa janela e que, se ela olhasse para fora, veria a ave. Pequenas coisas como essa eram típicas dele. Sempre que passava por nossa casa, mesmo quando não estávamos à vista, o ouvíamos chamar “Ooo, Anniiiie!” ou “Ooo, Jaaaames!”. Era seu jeito de fazer uma saudação carinhosa quando passava por lá.</i></p>\", \"user\": {\"id\": 1, \"name\": \"Lêvy P. Alves\", \"email\": \"levy.pereiraA1532@gmail.com\", \"metric\": {\"id\": 1, \"user_id\": 1, \"created_at\": \"2025-01-13T17:07:01.000000Z\", \"updated_at\": \"2025-01-15T11:18:07.000000Z\", \"total_ideas\": 21, \"total_notes\": 277, \"total_categories\": 11, \"total_usage_time\": 4810, \"last_category_created\": 16}, \"created_at\": \"2024-12-12T03:42:33.000000Z\", \"updated_at\": \"2025-01-10T02:08:56.000000Z\", \"email_verified_at\": null}, \"idea_id\": \"25\", \"user_id\": 1, \"position\": 5, \"created_at\": \"2025-01-15T11:18:07.000000Z\", \"updated_at\": \"2025-01-15T11:18:07.000000Z\"}','2025-01-15 14:18:07','2025-01-15 14:18:07'),(21,1,'Criando anotação: MzA1','App\\Models\\Note',305,'{\"id\": 305, \"body\": \"<p>Certo dia Roosevelt apareceu na Casa Branca quando o presidente ­Taft e sua esposa não se encontravam. Ele demonstrou seu carinho sincero pelas pessoas humildes cumprimentando todos os antigos funcionários da Casa Branca pelo nome, até as copeiras. De acordo com o jornalista e militar Archie Butt:<br>“Quando viu Alice, uma das empregadas da cozinha, Roosevelt perguntou se ainda fazia broa de milho. Alice contou que ainda preparava a broa para os criados ocasionalmente, mas que ninguém a comia no andar de cima. ‘Eles demonstram mau gosto, e direi isso ao presidente quando o vir’, disse Roosevelt em voz alta. Alice lhe serviu uma broa num prato e ele foi para o escritório comendo e cumprimentando jardineiros e outros funcionários enquanto passava [...]. Roosevelt se dirigiu a cada pessoa da mesma forma que costumava fazer no passado. Ike Hoover, porteiro-chefe da Casa Branca durante quarenta anos, tinha lágrimas nos olhos ao dizer: ‘Este é o único dia feliz que tivemos em quase dois anos, e nenhum de nós trocaria este momento por uma nota de 100 dólares.’”</p>\", \"user\": {\"id\": 1, \"name\": \"Lêvy P. Alves\", \"email\": \"levy.pereiraA1532@gmail.com\", \"metric\": {\"id\": 1, \"user_id\": 1, \"created_at\": \"2025-01-13T17:07:01.000000Z\", \"updated_at\": \"2025-01-15T11:24:05.000000Z\", \"total_ideas\": 21, \"total_notes\": 278, \"total_categories\": 11, \"total_usage_time\": 5168, \"last_category_created\": 16}, \"created_at\": \"2024-12-12T03:42:33.000000Z\", \"updated_at\": \"2025-01-10T02:08:56.000000Z\", \"email_verified_at\": null}, \"idea_id\": \"25\", \"user_id\": 1, \"position\": 6, \"created_at\": \"2025-01-15T11:24:05.000000Z\", \"updated_at\": \"2025-01-15T11:24:05.000000Z\"}','2025-01-15 14:24:05','2025-01-15 14:24:05'),(22,1,'Criando anotação: MzA2','App\\Models\\Note',306,'{\"id\": 306, \"body\": \"<p>A mesma preocupação por pessoas menos favorecidas ajudou o representante de vendas Edward M. Sykes, de Chantham, Nova Jersey, a manter uma conta. Eis o relato dele:<br>“Muitos anos atrás, eu fazia visitas a clientes para a Johnson &amp; Johnson na região de Massachusetts. Uma das contas pertencia a uma farmácia em Hingham. Sempre que eu entrava na loja, conversava por alguns minutos com o funcionário que servia refrigerantes e com o balconista antes de falar&nbsp;com o dono e anotar o pedido. Certo dia, procurei o dono da loja e ele me mandou sair, pois não estava mais interessado em comprar produtos da J&amp;J. Alegou que a empresa estava concentrando suas atividades em mercados e bazares, em detrimento das pequenas farmácias. Saí com o rabo entre as pernas e passei algumas horas dirigindo sem rumo pelas ruas da cidadezinha. Por fim, decidi voltar e tentar ao menos explicar a posição da&nbsp;empresa para o dono da loja.”<br>Sykes contou que, ao chegar, cumprimentou o vendedor de refrigerantes e o balconista como sempre fazia. “Quando procurei o dono, ele sorriu, me recebeu bem e fez um pedido duas vezes maior que o normal. Fiquei surpreso e perguntei o que havia acontecido, pois minha visita anterior tinha sido poucas horas antes. Ele apontou para o vendedor de refrigerantes e disse que, depois que eu saí, o jovem entrou em sua sala e comentou que eu era um dos poucos vendedores que se davam ao trabalho de cumprimentar todo mundo. Disse ao dono da loja que, se havia algum vendedor que merecia suas vendas, essa pessoa era eu. O dono concordou e permaneceu sendo um cliente fiel. Nunca esqueci que o interesse genuíno nos outros é uma das mais importantes qualidades para um vendedor... aliás, isso vale para qualquer pessoa.”</p>\", \"user\": {\"id\": 1, \"name\": \"Lêvy P. Alves\", \"email\": \"levy.pereiraA1532@gmail.com\", \"metric\": {\"id\": 1, \"user_id\": 1, \"created_at\": \"2025-01-13T17:07:01.000000Z\", \"updated_at\": \"2025-01-15T11:24:59.000000Z\", \"total_ideas\": 21, \"total_notes\": 279, \"total_categories\": 11, \"total_usage_time\": 5222, \"last_category_created\": 16}, \"created_at\": \"2024-12-12T03:42:33.000000Z\", \"updated_at\": \"2025-01-10T02:08:56.000000Z\", \"email_verified_at\": null}, \"idea_id\": \"25\", \"user_id\": 1, \"position\": 7, \"created_at\": \"2025-01-15T11:24:59.000000Z\", \"updated_at\": \"2025-01-15T11:24:59.000000Z\"}','2025-01-15 14:24:59','2025-01-15 14:24:59');
/*!40000 ALTER TABLE `logs` ENABLE KEYS */;
UNLOCK TABLES;

--
-- Table structure for table `migrations`
--

DROP TABLE IF EXISTS `migrations`;
/*!40101 SET @saved_cs_client     = @@character_set_client */;
/*!50503 SET character_set_client = utf8mb4 */;
CREATE TABLE `migrations` (
  `id` int unsigned NOT NULL AUTO_INCREMENT,
  `migration` varchar(255) COLLATE utf8mb4_unicode_ci NOT NULL,
  `batch` int NOT NULL,
  PRIMARY KEY (`id`)
) ENGINE=InnoDB AUTO_INCREMENT=16 DEFAULT CHARSET=utf8mb4 COLLATE=utf8mb4_unicode_ci;
/*!40101 SET character_set_client = @saved_cs_client */;

--
-- Dumping data for table `migrations`
--

LOCK TABLES `migrations` WRITE;
/*!40000 ALTER TABLE `migrations` DISABLE KEYS */;
INSERT INTO `migrations` VALUES (1,'0001_01_01_000000_create_users_table',1),(2,'0001_01_01_000001_create_cache_table',1),(3,'0001_01_01_000002_create_jobs_table',1),(4,'2024_11_14_010857_create_categories_table',1),(5,'2024_11_14_010909_create_ideas_table',1),(6,'2024_11_14_010932_create_notes_table',1),(7,'2024_11_14_010959_create_categories_ideas_table',1),(14,'2025_01_13_114147_create_user_metrics_table',2),(15,'2025_01_13_143754_create_logs_table',2);
/*!40000 ALTER TABLE `migrations` ENABLE KEYS */;
UNLOCK TABLES;

--
-- Table structure for table `notes`
--

DROP TABLE IF EXISTS `notes`;
/*!40101 SET @saved_cs_client     = @@character_set_client */;
/*!50503 SET character_set_client = utf8mb4 */;
CREATE TABLE `notes` (
  `id` bigint unsigned NOT NULL AUTO_INCREMENT,
  `user_id` bigint unsigned NOT NULL,
  `idea_id` bigint unsigned NOT NULL,
  `body` text COLLATE utf8mb4_unicode_ci NOT NULL,
  `position` int NOT NULL,
  `created_at` timestamp NULL DEFAULT NULL,
  `updated_at` timestamp NULL DEFAULT NULL,
  PRIMARY KEY (`id`),
  KEY `notes_user_id_foreign` (`user_id`),
  KEY `notes_idea_id_foreign` (`idea_id`),
  CONSTRAINT `notes_idea_id_foreign` FOREIGN KEY (`idea_id`) REFERENCES `ideas` (`id`),
  CONSTRAINT `notes_user_id_foreign` FOREIGN KEY (`user_id`) REFERENCES `users` (`id`)
) ENGINE=InnoDB AUTO_INCREMENT=307 DEFAULT CHARSET=utf8mb4 COLLATE=utf8mb4_unicode_ci;
/*!40101 SET character_set_client = @saved_cs_client */;

--
-- Dumping data for table `notes`
--

LOCK TABLES `notes` WRITE;
/*!40000 ALTER TABLE `notes` DISABLE KEYS */;
INSERT INTO `notes` VALUES (1,1,1,'99% das vezes as pessoas não assumem a responsabilidade por seus atos e não fazem autocríticas por motivo algum, mesmo que estejam completamente erradas.',0,'2024-12-12 06:46:47','2024-12-12 06:46:47'),(2,1,1,'Não adianta criticar alguém pois coloca a pessoa na defensiva que tenta se justificar, além disso fere o orgulho do indivíduo e atinge seu senso de importância e desperta ressentimento.',1,'2024-12-12 06:47:10','2024-12-12 06:47:10'),(3,1,1,'Um animal recompensado por bom comportamento aprende bem mais rápido que um animal punido por mau comportamento - Experimento de B. F. Skinner psicólogo mundialmente famoso',2,'2024-12-12 06:47:32','2024-12-12 06:47:32'),(4,1,1,'\"Nosso desejo de aprovação é tão intenso quanto o medo da condenação\" - Hans Selye',3,'2024-12-12 06:47:53','2024-12-12 06:47:53'),(5,1,1,'O ressentimento provocado pela crítica pode desmoralizar funcionário, familiares e amigos e, ainda assim, não corrigir a situação criticada.',4,'2024-12-12 06:48:14','2024-12-12 06:48:14'),(6,1,1,'Um coordenador de segurança, tinha o trabalho de garantir a segurança dos funcionários, Ele relatou que encontrava trabalhadores sem capacete, ele mencionava a norma em tom autoritário de ameaça e exigia que a cumprissem à risca. Os empregados obedeciam de má vontade e muitas vezes, assim que ele partia, tiravam o capacete. Ele tentou uma abordagem diferente, ele encontrou um pequeno grupo sem capacete e passou a perguntar se o equipamento de segurança era desconfortável. O tamanho não era adequado? Em seguida, num tom de voz gentil, lembrava aos funcionários que o capacete era projetado para prevenir acidentes e sugeria que o equipamento deveria ser sempre usado durante o trabalho. Como resultado, os funcionários passaram a cumprir a regra com mais frequência, sem ressentimentos.',5,'2024-12-12 06:48:33','2024-12-12 06:48:33'),(7,1,1,'Críticas são como pombo-correio: Sempre voltam para casa.',6,'2024-12-12 06:49:52','2024-12-12 06:49:52'),(8,1,1,'Pessoas que corrigimos provavelmente se justificaram e nos condenaram também.',7,'2024-12-12 06:50:13','2024-12-12 06:50:13'),(9,1,1,'Águas passadas não movem moinhos',8,'2024-12-12 06:50:22','2024-12-12 06:50:22'),(10,1,1,'Lincon fazia muitas críticas, quando jovem, em Pigeon Creek Valley, Indiana, ele não apenas criticava como também escrevia cartas e poemas ridicularizando pessoas e jogava as páginas nas estradas rurais onde certamente seriam encontradas. Mesmo depois que se tornou advogado em Springfield, Illinois, Lincoln continuou atacando opositores abertamente por meio de cartas publicadas nos jornais. Mas certa vez acabou exagerando. No outono de 1842, ele ridicularizou um político vaidoso e combativo chamado James Shields. Sensível e orgulhoso Shields ficou indignado. Descobriu a autoria da carta escrita em anonimato e publicado em um jornal e o desafiou a um duelo. Lincoln não queria brigar. Era contrário a duelos, mas não tinha como escapar e ao mesmo tempo manter sua honra. No dia marcado, ele e Shields se encontraram num terreno arenoso à margem do rio Mississipi, preparados para lutar até a morte. No último minuto, porém, seus padrinhos interferiram e suspenderam o duelo. Esse foi o incidente mais sinistro da vida de Lincoln. Ensinou-lhe uma lição valiosa na arte de lidar com as pessoas. Ele nunca mais escreveu uma carta ofensiva, E nunca mais ridicularizou ninguém. Daquele dia em diante, raramente fez qualquer crítica a alguém.',9,'2024-12-12 06:50:36','2024-12-12 06:50:36'),(11,1,1,'\"Não julgueis se não quiserdes ser julgado\"',10,'2024-12-12 06:52:50','2024-12-12 06:52:50'),(12,1,1,'Quando a Sra. Lincoln ou outros falavam mal dos sulistas, Lincoln respondia: \"Não os critique. Eles são exatamente como seríamos em circunstâncias semelhantes\"',11,'2024-12-12 06:53:13','2024-12-12 06:53:13'),(13,1,1,'Existe alguma pessoa que você gostaria de mudar e aperfeiçoar? Mas por que não começar por si mesmo? Sendo bem egoista, ajudar a si mesmo é muito mais proveitoso do que tentar melhorar os outros e menos perigoso também. Como disse Confúcio \"Não se queixe da neve no telhado do vizinho quando a soleira de sua porta não está limpa.\"',12,'2024-12-12 06:53:29','2024-12-12 06:53:29'),(14,1,1,'Ao lidar com pessoas, devemos lembrar que não estamos tratando com criaturas lógicas, mas com seres emotivos, suscetíveis a preconceitos e motivados pelo orgulho e pela vaidade.',13,'2024-12-12 06:54:04','2024-12-12 06:54:04'),(15,1,1,'Críticas ferozes fizeram com que o sensível Thomas Hardy, um dos melhores romancistas da literatura inglesa, desistisse para sempre de escrever ficção.',14,'2024-12-12 06:54:36','2024-12-12 06:54:36'),(16,1,1,'As críticas levaram Thomas Chatterton, poeta inglês, ao suicídio.',15,'2024-12-12 06:55:05','2024-12-12 06:55:05'),(17,1,1,'\"Um grande homem demonstra sua grandeza pela forma como trata os pequenos\", disse o filósofo escocês Thomas Carlyle.',16,'2024-12-12 06:55:25','2024-12-12 06:55:25'),(18,1,1,'Em vez de condenar as pessoas, vamos tentar compreendê-las. Vamos tentar descobrir o que as leva a fazer o que fazem. Essa atitude é bem mais útil e interessante do que as críticas, além de cultivar a compaixão a tolerância e a bondade. Saber tudo é perdoar tudo.',17,'2024-12-12 06:55:35','2024-12-12 06:55:35'),(19,1,1,'Como dizia o escritor Samuel Johnson \"Nem o próprio Deus se propõe a julgar um homem até o fim de seus dias.\" Então por que eu e você deveriamos julgar?',18,'2024-12-12 06:56:09','2024-12-12 06:56:09'),(20,1,1,'Principio 1 - Não critique, não condene, não reclame.',19,'2024-12-12 06:56:35','2024-12-12 06:56:35'),(21,1,2,'Para Julha:',0,'2024-12-12 14:48:51','2024-12-12 14:48:51'),(26,1,3,'É importante querer errar, pois é a partir dos erros que aprendemos, quando saímos da caixa vamos errar, você precisa querer errar porque significa que você está sempre no limite da criatividade, da inovação, o que não podemos fazer é cometer os mesmos erros consecutivamente.',0,'2024-12-12 17:42:19','2024-12-12 17:42:19'),(27,1,3,'O segredo de uma boa comunicação está na simplicidade.',1,'2024-12-12 17:49:50','2024-12-12 17:49:50'),(28,1,3,'Tem pessoas, que finge que entendeu porém, não entendeu nada, apesar de seu colega que sabe o que você tá falando bateu palma, mas você não conseguiu transmitir aquilo que você queria de maneira efetiva.',2,'2024-12-12 17:57:29','2024-12-12 17:57:29'),(29,1,3,'Pois as pessoas, tem a mania de não se expor, por isso mentem dizendo que entenderam, mas elas tem medo de dizerem que são burras.',3,'2024-12-12 17:58:26','2024-12-13 00:00:10'),(30,1,3,'Comunicação é responsabilidade, você é responsável pelo que você fala e pelo que outro entendi, se você acha que o assunto é complexo de mais, é que você não estudou o suficiente ou ninguém nunca te explicou esse assunto direito.',4,'2024-12-12 23:59:56','2024-12-13 00:00:10'),(31,1,2,'Opa Ju, tudo bem? bom o último dia do ano terminou, e um novo ano chegou, tô mandando esse texto pois tenho uma consideração grande por ti, e por todos os momentos que estivemos juntos nesse ano que passou, apesar de não ter dado certo nós dois, sempre estarei torcendo por ti e estarei aqui para o que precisar, quero que você saiba que continuo gostando de ti do seu cabelo, do seu sorriso, do seu jeito e quando te conheci presencialmente me apaixonei pela segunda vez, queria poder ter ficado mais, porém a vida não me permitiu, me lembrei de um reels que vi, onde dizia o seguinte, \"Vou fazer ela rir até se apaixonar por mim e no final ela sorriu eu que me apaixonei por ela\", literalmente o que aconteceu comigo, queria poder ser mais próximo de ti, para mim você é perfeita do jeito que você é não deixe ninguém mudar esse fato, você é divertida, simpática, inteligente, se comunica bem e muito mais, bom espero que esse ano, venha ser um ano de conquistas para você, parabéns por ter conseguido passar mais um semestre na faculdade, pois isso é uma conquista, mais ainda viram, parabéns por ter sustentado mais um ano, sei que teve momentos difíceis, mas que bom, que você passou por cada um deles, você é uma pessoa forte e sei disso mas até mesmo os fortes tem seus dias difíceis, então vamos começar esse novo ano de cabeça erguida, pronto para enfrentar os novos desafios que viram, é isso Ju, saiba que sempre vou te apoiar, de perto ou de longe, pois é para isso que os amigos fazem, feliz ano novo Ju você merece.',1,'2024-12-13 06:19:40','2024-12-13 06:19:42'),(32,1,3,'Inteligência não é a mesma coisa que conhecimento, conhecimento é algo mais técnico e inteligência é algo ligado a aprendizagem.',5,'2024-12-13 21:30:55','2024-12-13 21:30:55'),(33,1,2,'Para o Josas:',2,'2024-12-13 22:26:27','2024-12-13 22:26:27'),(36,1,2,'Para o Lucas:',4,'2024-12-14 07:10:12','2024-12-31 16:32:02'),(37,1,2,'Eai meu mano Lukitas, como vai? Mano para começar quero de agradecer cara por está comigo esse ano, nos momentos mais foda da minha vida, saiba cara que me importo muito contigo meu mano, quero que te tenha sucesso na vida, jogar sempre RPG contigo era mó loucura, Seth e Maike sempre serão uma dupla dinâmica, nossas partidas de lol, os jogos no Maluche as noites de gameplay na tua casa foram muito foda, sou muito grato por ter ti conhecido, e não só tu mais o Luca, o Mike, Christofer e muitos outros amigos teu que são sensacionais, mas também expresso minha preocupação em relação a teu futuro mano, peço a te para que pense um pouco nele mano, sei que as amizades são muito importante, mas tenta se dedicar um pouco no teu futuro meu mano, não me refiro somente a ganhar dinheiro, mas também ao que tu faz com teu corpo também meu mano, mas só falo isso como uma pessoa que se importa contigo, fique feliz com o que você conquistou com o ano que passou, e que esse novo ano venha ser um ano repleto de conquistas para nós dois, e de superações, sei que você deve ter passado por muitos desafios nesse ano que passou fique feliz por tê-los superados, pois se você chegou até o final desse ano é uma prova que você os superou, mano é isso, feliz ano novo meu mano, tamo junto',5,'2024-12-15 17:15:47','2024-12-31 16:32:02'),(38,1,2,'Para o Costa:',6,'2024-12-16 14:06:29','2024-12-31 16:32:02'),(39,1,2,'Eai meu mano Costa, como vai a vida? Mano passando aqui para te agradecer cara, esse ano que passou foi muito foda, do tiro de guerra apesar de eu não ter sido voluntário para servir, mas o fato é que realmente tu e a rapaziada me ajudaram muito muito, obrigado por isso, nunca vou esquecer, principalmente do campo e da marchar de 12km, desculpa por ter sido bizonho e feito eu e tu ter ficado até tarde no campo, mas obrigado meu mano, foi muito foda, espero que esse novo ano venha ser sensacional e prospero para nós, e que venhamos estar conquistando muito mais daquilo que imaginamos, tamo junto meu mano, feliz ano novo para ti.',7,'2024-12-16 14:11:41','2024-12-31 16:32:02'),(40,1,5,'A única forma de conseguir que alguém faça algo é dar à pessoa o que ela quer.',0,'2024-12-17 14:02:18','2024-12-17 14:02:18'),(41,1,5,'John Dewey, um dos maiores filósofos dos Estados Unidos. Disse que a mais profunda necessidade da natureza humana é \"O desejo de ser importante\" . Elas são significativas.',1,'2024-12-17 14:06:03','2024-12-17 14:06:03'),(42,1,5,'Lista de coisas que a maioria das pessoas deseja:\r\n\r\n1. Saúde e vida longa\r\n2. Alimento\r\n3. Sono\r\n4. Dinheiro e bens materiais\r\n5. Um futuro promissor\r\n6. Satisfação sexual\r\n7. O bem-estar dos filhos\r\n8. Sensação de importância',2,'2024-12-17 14:08:31','2024-12-17 14:08:31'),(43,1,5,'Alguns desses desejos costumam ser satisfeitos, outros só às vezes - exceto um. Esse desejo - quase tão profundo e imperioso quanto o alimento ou o sono - raramente é satisfeito. É o que Fred chama de \"O desejo de ser grande\". É o que Dewey chama de \"O desejo de ser importante\".',3,'2024-12-17 14:12:02','2024-12-17 14:12:02'),(44,1,5,'Certa vez Abraham Lincoln começou uma carta dizendo: \"Todos gostam de um elogio.\" William James afirmou \"O mais profundo princípio da natureza humana é a ânseia de obter reconhecimento.\" Há uma \"ânsia\" e um tipo insaciável de fome humana, e os raros indivíduos que satisfazem essa carência nos outros de maneira honesta têm todas as pessoas na palma da mão e \"até o coveiro lamentará sua morte\".',4,'2024-12-17 14:17:55','2024-12-17 14:17:55'),(45,1,5,'É esse desejo de se sentir importante que levou um atendente de armazém pobre e iletrado a estudar livros de direito que encontrou no fundo de um barril de coisas descartadas que havia comprado por 50 centavos. Já falei dele aqui, Seu nome era Lincoln',5,'2024-12-17 14:25:53','2024-12-17 14:25:53'),(46,1,5,'Foi o desejo de se sentir importante que inspirou Charles Dickens a escrever seus romances imortais. Esse desejo inspirou Amelia Earhart a cruzar sozinha de avião o oceano Atlântico. Esse desejo inspirou Sir Christopher Wen, renomado arquiteto inglês, a talhar suas obras-primas em pedra. Esse desejo levou Marie Curie a realizar pesquisas pioneiras e perigosíssimas sobre a radiotividade que puseram sua vida em risco. Esse desejo levou John D. Rockefeller a juntar milhões que nunca gastou! E esse desejo fez seu vizinho rico construir uma casa grande demais para as necessidades da família.',6,'2024-12-17 14:32:52','2024-12-17 14:32:52'),(47,1,6,'Ideta v1.1',1,'2024-12-17 14:38:09','2024-12-17 14:44:01'),(48,1,6,'Página de perfil e botão de logout',2,'2024-12-17 14:38:33','2024-12-17 14:43:57'),(49,1,6,'Ideta v1.2',3,'2024-12-17 14:38:45','2024-12-17 14:43:56'),(50,1,6,'Editor de Texto para as notas das ideias',4,'2024-12-17 14:39:16','2024-12-17 14:43:54'),(51,1,6,'Ideta v1.3',5,'2024-12-17 14:39:28','2024-12-17 14:43:51'),(52,1,6,'Tabelas para métricas do usuários, categorias, ideias e notas',6,'2024-12-17 14:40:10','2024-12-17 14:43:47'),(53,1,6,'Ideta v1.4',7,'2024-12-17 14:40:22','2024-12-17 14:43:42'),(54,1,6,'Duplicidade e compartilhamento de notas',8,'2024-12-17 14:41:09','2024-12-17 14:43:36'),(55,1,6,'Ideta v1.5',9,'2024-12-17 14:41:35','2024-12-17 14:43:33'),(57,1,6,'Acessar perfil de outro usuário',10,'2024-12-17 14:42:38','2024-12-17 14:43:30'),(58,1,6,'Atualizações a serem trabalhadas em Janeiro de 2025',0,'2024-12-17 14:43:24','2024-12-17 14:44:01'),(59,1,7,'Se você conta sua ideia para alguma pessoa ela pode se enquadra em 3 tipos de pessoas, a que sabe só te criticar e apontar problemas, você tem que aprender com o que elas estão dizendo, vão ter aqueles que vão passar a mão na sua cabeça, tome cuidado, mas elas podem ajudar a você construir e compor a ideia, um argumento para usa-la e a melhor de todas, é aqueles que vão fazer sugestões e trazer mais ideias para melhorar a sua própria.',0,'2024-12-18 21:06:58','2024-12-18 21:06:58'),(60,1,7,'Canvas de Proposta de Valor',1,'2024-12-18 21:07:23','2024-12-18 21:07:23'),(61,1,7,'Para validar uma ideia ela precisa passar por esse processo para ver se ela realmente tem uma proposta de valor.',2,'2024-12-18 21:07:58','2024-12-18 21:07:58'),(62,1,7,'Perfil do Cliente . : \r\n\r\nGanhos - Tarefas - Dores \r\n\r\nProposta de Valor . : \r\n\r\nCriadores de Ganho - Analgésicos - Produtos e Serviços',3,'2024-12-18 21:12:31','2024-12-18 21:12:31'),(63,1,7,'A depender do produto que você queira fazer, para atingir um determinado segmento, terei que mapear o cliente daquele segmento, se for mais de um terei que fazer vários mapeamento.',4,'2024-12-18 21:18:15','2024-12-18 21:18:15'),(64,1,7,'Seja preciso, busque saber quais tarefas o teu cliente procura resolver no dia a dia.',5,'2024-12-18 21:43:11','2024-12-18 21:43:11'),(65,1,7,'Procure saber quais os ganhos que esse determinado cliente precisa ter.',6,'2024-12-18 21:43:55','2024-12-18 21:43:55'),(66,1,7,'Capture primeiro todas as informações sobre o seu cliente antes de começar a apresentar a sua proposta de valor.',7,'2024-12-18 21:45:06','2024-12-18 21:45:06'),(67,1,7,'Não misture tarefas e resultados, tarefas é o que você faz na sua rotina e resultado é o que você espera.',8,'2024-12-18 21:46:04','2024-12-18 21:46:04'),(68,1,7,'Exemplo: eu me alimento saudável pois quero perder peso, o problema é que minha calça jeans não serve mais.',9,'2024-12-18 21:46:56','2024-12-18 21:46:56'),(69,1,7,'Existem tarefas de cunho social, que é como ele espera que as pessoas reajam a ele, e existem tarefas de cunho pessoal, o que dá segurança e estabilidade para ele.',10,'2024-12-18 21:48:52','2024-12-18 21:48:52'),(72,1,7,'Exemplo de tarefa de cunho funcional, precisa vender em todo Brasil ou eu quero correr toda uma maratona, deslocar de forma eficiente, preciso me comunicar de forma mais eficiente entre os clientes e fornecedores',11,'2024-12-18 21:51:03','2024-12-18 21:51:03'),(73,1,7,'Tarefas de cunho social, são tarefas que ele faz para melhorar a rede de relacionamentos, para ser reconhecido, para ficar mais culto, para quarentar bem, ter uma boa aparência.',12,'2024-12-18 21:52:50','2024-12-18 21:52:50'),(74,1,7,'Tarefa de cunho pessoal, é ter uma estabilidade financeira, ganhar mais efetivamente e consegui minha independência financeira.',13,'2024-12-18 21:54:09','2024-12-18 21:54:09'),(75,1,7,'Depois você montara um rank, e avaliara as mais importantes.',14,'2024-12-18 21:54:42','2024-12-18 21:54:42'),(76,1,7,'Dores tem algumas categorias também elas podem ser funcionais, alguma coisa não está dando certo exemplo eu passo uma hora por dia tendo que ir ao banco, eu perco dua a três horas tendo que ir ao médico, social não tenho tempo para estudar, para me reunir com os amigos, isso pode está relacionado a alguns riscos, risco de perder o dinheiro, risco de perder o emprego, risco de perder uma oportunidade, risco da empresa falir.',15,'2024-12-18 21:57:37','2024-12-18 21:57:37'),(77,1,7,'Existem 3 tipos de ganhos  que são os necessários ele precisa daquilo realmente, esperados a expectativa é que tenha algo nessa linha e ganhos que são desejados.',16,'2024-12-18 21:59:37','2024-12-18 21:59:37'),(78,1,7,'Exemplo se eu peço uma pizza por um delivery é necessário que ela chegue em casa quente, ninguém quer comer uma pizza requentada, esperado, eu espero que eles tragam a maquininha de cartão de crédito para pagar, desejável ele pode trazer um refrigerante de brinde, ou um cartão fidelidade.',17,'2024-12-18 22:02:27','2024-12-18 22:02:27'),(79,1,7,'Proposta de Valor',18,'2024-12-18 22:02:40','2024-12-18 22:02:40'),(80,1,7,'Nos produtos e serviços você vai colocar tudo aquilo de você tem na tua prateleira para vender lá na frente pode ser tangível e intangível.',19,'2024-12-18 22:04:18','2024-12-18 22:04:18'),(81,1,7,'Depois você vai mapear os analgésicos, e vai olhar para as dores do cliente e ver o que nas ofertas ajudam a melhorar quais dores.',20,'2024-12-18 22:05:07','2024-12-18 22:05:07'),(82,1,7,'Criadores de ganho como eu consigo ajudar esse meu cliente a potencializar os resultados que eles espera melhorar o desempenho.',21,'2024-12-18 22:06:01','2024-12-18 22:06:01'),(83,1,7,'Você nem sempre vai consegui atender todas as demandas do cliente, o importante você já fez separar as principais tarefas dele.',22,'2024-12-18 22:07:02','2024-12-18 22:07:02'),(84,1,8,'A ideia seria fazer um iFood da vida porém não um iFood, seria algo inspirado nas aplicações que algumas pizzarias usam na web por exemplo.',0,'2024-12-24 00:45:16','2024-12-24 00:45:16'),(85,1,8,'https://pedir.delivery/app/bigpizza-brusque/menu',1,'2024-12-24 00:46:13','2024-12-24 00:46:13'),(86,1,8,'Seria algo similar ao link enviado acima, porém melhor, isso por que as pizzarias ganhariam basicamente um site com todos os dados da pizzaria, pagando uma quantia mensal.',2,'2024-12-24 00:47:44','2024-12-24 00:47:44'),(87,1,8,'Nesse site poderia ser feito combos, anuncios, um catálogo de produtos, a pizzaria teria acesso aos principais clientes, fornecer cupons, ter um sistema de fidelidade, e ter o monitoramento em tempo real das entregas.',3,'2024-12-24 00:48:57','2024-12-24 00:48:57'),(88,1,8,'No caso dos status da entrega, futuramente, poderia ser adicionado mais templates, um sistema de pagamento online para a pizzaria poder escolher.',4,'2024-12-24 00:50:04','2024-12-24 00:50:04'),(89,1,8,'Essa é uma das principais ideias que tive para o próximo ano, e que vamos fazer dar certo! Ou a outra que escreverei assim que chegar da igreja que também é uma ideia muito boa.',5,'2024-12-24 00:52:45','2024-12-24 00:52:45'),(90,1,9,'A intenção é fazer um sistema de agendamento de serviços, onde o cliente possa escolher o colaborador que seja designado para o serviço que precisa ser prestado, ou então a empresa ou negócio, possa selecionar também o colaborador.',0,'2024-12-24 15:23:35','2024-12-24 15:23:35'),(91,1,9,'Com isso as empresas terão acesso a uma página na qual eles poderão apresentar seus serviços e avaliações, onde também poderão passar cupons de descontos, planos de serviços, e tendo uma mini loja interna para a venda de produtos.',1,'2024-12-24 15:29:33','2024-12-24 15:29:33'),(92,1,9,'https://whatsagenda.com.br/mister-jhonny-barber-shop?fbclid=PAY2xjawHXiKtleHRuA2FlbQIxMQABpovA4aWbB5DEPKhJnNN4wHwM09pMvW5tou27tDFHmYSWM_4uuD4yTvznPg_aem_5SSOtulRhemwA6knEyvx2A',2,'2024-12-24 15:31:04','2024-12-24 15:31:04'),(93,1,10,'Fonte .: https://www.smartfit.com.br/news/fitness/tudo-que-voce-precisa-saber-sobre-calistenia/',0,'2024-12-26 19:19:46','2024-12-26 19:19:46'),(94,1,10,'calistenia consiste em realizar atividades físicas utilizando o peso do próprio corpo. É o que acontece no caso das flexões, dos abdominais e das pranchas.',1,'2024-12-26 19:20:17','2024-12-26 19:20:17'),(95,1,10,'A palavra calistenia vem do grego khallos (belo) e sthenos (força).',2,'2024-12-26 19:22:11','2024-12-26 20:20:58'),(96,1,10,'E consiste em exercício funcional que usa o peso do próprio corpo para trabalhar a força e a resistência muscular, sem que seja necessário fazer uso de equipamentos específicos.',3,'2024-12-26 19:22:26','2024-12-26 20:20:58'),(97,1,10,'No entanto, caso o praticante deseje, a calistenia também pode ser feita com alguns acessórios como bastões, barras e halteres. Os movimentos que compõem esse método são os abdominais, saltos e outras atividades que utilizem o corpo como sobrecarga.',4,'2024-12-26 19:22:31','2024-12-26 19:22:31'),(98,1,10,'Benefícios da Calistenia',5,'2024-12-26 19:25:15','2024-12-26 19:25:15'),(99,1,10,'Se bem feita, a calistenia promove inúmeros benefícios, como: Resistência física, aumento da massa muscular, aumento da flexibilidade e do equilíbrio corporal, reduz o percentual de gordura, melhora a frequência cardíaca, favorece o metabolismo e os resultados favorecem o corpo inteiro.',6,'2024-12-26 19:26:53','2024-12-26 19:26:53'),(100,1,10,'Como começar a praticar a calistenia?',7,'2024-12-26 19:27:09','2024-12-26 19:27:09'),(101,1,10,'Exercícios fundamentais e iniciais da Calistenia: flexão, agachamentos, prancha e barra fixa.',8,'2024-12-26 19:28:22','2024-12-26 19:28:22'),(102,1,10,'Lembre-se de que, assim como qualquer outra atividade física, a calistenia não terá bons resultados se não for acompanhada de uma alimentação regrada.',9,'2024-12-26 19:29:05','2024-12-26 19:29:05'),(103,1,10,'Como incluir a calistenia em rotinas de treinamento funcional',10,'2024-12-26 19:32:15','2024-12-26 19:32:15'),(104,1,10,'Uma das grandes vantagens da calistenia é a sua versatilidade, que permite que seja incorporada em diversos tipos de treinamento funcional. Logo, ao combinar calistenia exercícios com outras modalidades, como o HIIT (treinamento intervalado de alta intensidade), o praticante pode aumentar ainda mais a eficiência dos treinos, otimizando o ganho de resistência e força.',11,'2024-12-26 19:32:22','2024-12-26 19:32:22'),(105,1,10,'Além disso, como a calistenia se baseia no peso corporal, é uma excelente opção para quem deseja treinar em qualquer lugar, sem a necessidade de equipamentos pesados, portanto, é uma excelente opção para rotinas caseiras ou ao ar livre, já que possibilita um treino completo que pode ser adaptado para todos os níveis de condicionamento físico.',12,'2024-12-26 19:32:28','2024-12-26 19:32:28'),(106,1,10,'A importância do descanso na prática da calistenia',13,'2024-12-26 19:33:46','2024-12-26 19:33:46'),(107,1,10,'Embora o treino de calistenia seja bastante eficiente, é preciso entender que o descanso também faz parte do processo de evolução física. Durante os períodos de descanso, os músculos se recuperam e crescem, o que melhora a performance nos exercícios. Portanto, assim como acontece em outras modalidades de treino, praticantes de calistenia precisam de intervalos adequados entre as sessões para evitar o risco de lesões e maximizar os ganhos de força e resistência.',14,'2024-12-26 19:33:56','2024-12-26 19:33:56'),(108,1,10,'Além do descanso físico, uma boa noite de sono é igualmente importante. A qualidade do sono influencia diretamente no rendimento do treino, na recuperação muscular e na saúde em geral. Então, além de se preocupar com o treino, considere aprender como dormir bem para que seu corpo tenha tempo suficiente para se recuperar e estar preparado para novos desafios físicos.',15,'2024-12-26 19:34:11','2024-12-26 19:34:11'),(109,1,10,'Pesquisar Sobre: Alimentação ideal para pegar o shape e que otimize o treinamento calistênico, estudar sobre suplementos, sobre o descanso entre s treinos, tipos de treinos para potencializar o crescimento  dos músculos.',16,'2024-12-26 19:37:57','2024-12-26 19:37:57'),(111,1,12,'Fonte .: https://www.smartfit.com.br/news/nutricao/impactos-dos-carboidratos-na-sua-alimentacao-de-pre-treino/',0,'2024-12-27 01:28:31','2024-12-27 01:28:31'),(112,1,12,'A energia que vem dos alimentos é armazenada em forma de substratos para ser utilizada quando nosso corpo precisar.',1,'2024-12-27 01:28:40','2024-12-27 01:28:40'),(113,1,12,'O nosso organismo irá possuir nutrientes capazes de suprir as necessidades de energia, assim, irá repor seus estoques de glicogênio – que é a reserva energética nas células hepáticas e musculares – para otimizar a recuperação muscular e melhorar o desempenho no treino.',2,'2024-12-27 01:29:38','2024-12-27 01:29:38'),(114,1,12,'Os carboidratos representam a principal fonte de energia contínua para os músculos, tanto para manter as atividades do dia a dia, quanto para realizar o exercício físico.',3,'2024-12-27 01:30:07','2024-12-27 01:30:07'),(115,1,12,'Alimentação de um praticante de atividade física precisa ser composta por alimentos fontes de carboidratos. Sua composição deverá corresponder até 65% do total de calorias fornecidas pela alimentação diária. A recomendação exata vai depender das suas necessidades, objetivo e até do seu biotipo corporal.',4,'2024-12-27 01:30:33','2024-12-27 01:30:33'),(116,1,12,'Sobre as refeições pré-treino',5,'2024-12-27 01:30:46','2024-12-27 01:30:46'),(117,1,12,'É necessária para o seu rendimento no treino. Possui como objetivos principais: manter a hidratação, preencher os estoques corporais de energia e prevenir a fome e minimizar o desconforto gástrico durante o exercício.',6,'2024-12-27 01:32:45','2024-12-27 01:32:45'),(118,1,12,'Logo é importante ter um volume alimentar oferecido antes do exercício, sua escolha nessa refeição deve ser a partir de fontes de carboidratos.',7,'2024-12-27 01:32:58','2024-12-27 01:32:58'),(119,1,12,'A refeição realizada até uma hora antes dos exercícios devem ser composta por esse macronutriente.',8,'2024-12-27 01:33:07','2024-12-27 01:33:07'),(120,1,12,'O carboidrato irá proporcionar uma absorção mais rápida e garantir o aporte adequado de glicose no momento do exercício.',9,'2024-12-27 01:33:13','2024-12-27 01:33:13'),(121,1,12,'Essa refeição deve ser, preferencialmente, de consistência líquida ou pastosa, para facilitar o esvaziamento gástrico e prevenir possíveis desconfortos abdominais.',10,'2024-12-27 01:33:24','2024-12-27 01:33:24'),(122,1,12,'Escolhas alimentares',11,'2024-12-27 01:33:33','2024-12-27 01:33:33'),(123,1,12,'Até 2 ou 3 horas antes do exercício: Arroz + feijão + 1 bife grelhado + cenoura refogada + salada de vagem, alface e tomate + 1 banana (sobremesa), macarrão ao sugo + feijão + 1 filé de frango grelhado + abobrinha refogada + salada de beterraba cozida, rúcula e pimentão vermelho + 3 fatias de manga (sobremesa) ou hambúrguer caseiro + pão +1 fatia de queijo mussarela + tomate + alface + 1 colher de sobremesa de ketchup + 1 maçã (sobremesa).',12,'2024-12-27 01:37:57','2024-12-27 01:37:57'),(124,1,12,'Até 1 hora antes do exercício: 200ml de suco de fruta + 1 sanduíche, 1 copo de vitamina de fruta + 2 ovos ou 170g de iogurte natural + 1 scoop de whey.',13,'2024-12-27 01:38:33','2024-12-27 01:38:33'),(125,1,12,'Até 30 minutos antes do exercício: 1 copo de suco de fruta com + 2 colheres de sopa de aveia, 200ml de suco de fruta + 3 ou 4 biscoitos de água e sal ou 1 colher de doce de leite.',14,'2024-12-27 01:39:03','2024-12-27 01:39:03'),(126,1,12,'Até 15 minutos antes do exercício: 300ml de suco natural de fruta, 1 porção média de fruta ou 90g de paçoca.',15,'2024-12-27 01:39:29','2024-12-27 01:39:29'),(127,1,12,'Dicas: Posso usar o ChatGPT, para a partir dessa pesquisa bolar um cardápio nutricional baseado nos meus gostos.',16,'2024-12-27 01:40:35','2024-12-27 01:40:35'),(128,1,12,'Posso pesquisar mais sobre: Carboidratos, exemplos de refeições para pré-treino e pós-treino e mais sobre refeições pós-treino.',17,'2024-12-27 01:42:06','2024-12-27 01:42:06'),(129,1,13,'Fonte .: https://www.youtube.com/watch?v=G8P2vp_IUC8',0,'2024-12-27 01:44:44','2024-12-27 01:44:44'),(130,1,13,'1 - Diminuir quantidade de proteínas.',1,'2024-12-27 01:45:32','2024-12-27 01:45:32'),(131,1,13,'Consuma 1,8 g/kg corporal, supondo que você tenha 60kg, você irá multiplicar 60 * 1,8 e obterá 108g de proteína, é o que você precisa consumir.',2,'2024-12-27 01:48:10','2024-12-27 01:48:10'),(132,1,13,'2 - Faça mais refeições líquidas',3,'2024-12-27 01:48:46','2024-12-27 01:48:46'),(133,1,13,'Abuse das refeições líquidas para bater as suas calorias diárias, consuma bastante sucos, pois eles são mais calóricos que a maioria dos refrigerantes, refeições líquidas também são ótimas para bater as proteínas, adicionar whey no lugar, fazendo com que tenha menos saciedade, usar leite para fazer vitaminas extremamente calóricas.',4,'2024-12-27 01:51:39','2024-12-27 01:51:39'),(134,1,13,'3 - Padronize as suas refeições',5,'2024-12-27 01:51:51','2024-12-27 01:51:51'),(135,1,2,'Para o Dioney:',8,'2024-12-29 03:01:38','2024-12-31 16:32:02'),(136,1,2,'Opa Dioney meu mano, como c tá meu mano? Tô passado aqui para te desejar um feliz ano novo meu mano, que o próximo ano venha ser um ano muito foda para nós, queria te agradecer eu mano pelos conselhos no tiro de guerra, nossos papos fazem falta, toda a experiência do tiro de guerra faz falta, mas foi uma fase da vida a qual passamos e foi muito foda apesar de não ter sido voluntário, e agradeço mano pelo apoio na volta do campo, nunca vou esquecer cara, da ajuda que você o Costa, o Nascimento e o Lucas deram, muito obrigado cara, vamos nos orgulhar de nossas conquistas desse ano e vamos conquistar ainda mais esse ano, tamo junto meu mano, qualquer coisa só chamar.',9,'2024-12-29 03:06:15','2024-12-31 16:32:02'),(137,1,2,'Para o Lucas do Tiro de Guerra:',10,'2024-12-29 03:06:42','2024-12-31 16:32:02'),(138,1,2,'Eai meu mano, como vai? Cara que ano foda foi esse que passou cara, foi muito engraçado cara todos os momentos do tiro de guerra cara, quero te agradecer mano pela ajuda que você me deu no tiro de guerra cara, no campo foi muito foda cara se não fosse você e o pessoal acho que não teria conseguido, muito obrigado mesmo meu mano, vocês são muito foda, orgulhe-se pelas conquistas que você teve nesse ano mano, e vamos fazer com que esse ano de 2025 venha ser um ano incrível com muitas conquistas, tenho certeza que será um ano prospero para nós, tamo junto irmão, qualquer coisa só chamar.',11,'2024-12-29 03:11:32','2024-12-31 16:32:02'),(139,1,14,'Exercício 1 - Cantar meu lanchinho tremendo os lábios',1,'2024-12-29 22:38:38','2024-12-29 22:39:05'),(140,1,14,'Fonte .: https://www.youtube.com/watch?v=-w9tPITrRvM',0,'2024-12-29 22:39:02','2024-12-29 22:39:05'),(141,1,14,'Exercício 2 - Técnica da Caneta',2,'2024-12-29 22:40:05','2024-12-29 22:40:05'),(142,1,14,'Coloque caneta na vertical e prenda ela com os dentes da boca, conte de 1 a 12 e fale os meses do anos se esforçando para ser compreendido, e nunca coloque a caneta na horizontal pois pode causar lesão.',3,'2024-12-29 22:41:59','2024-12-29 22:41:59'),(143,1,14,'Exercício 3 - Power Pose',4,'2024-12-29 22:42:35','2024-12-29 22:42:35'),(144,1,14,'Tome uma postura, confiante, como por exemplo da mulher maravilha, isso pode aumentar sua confiança.',5,'2024-12-29 22:43:39','2024-12-29 22:43:39'),(145,1,14,'Exercício 4 - Ler em voz alta',6,'2024-12-29 22:43:59','2024-12-29 22:43:59'),(146,1,14,'Por um minuto e tente prestar atenção na pontuação, esse exercício, trabalhara sua dicção e você ganhara mais consciência da sua voz',7,'2024-12-29 22:45:30','2024-12-29 22:45:30'),(147,1,14,'Exercício 5 - Simulação na frente do espelho',8,'2024-12-29 22:46:06','2024-12-29 22:46:06'),(148,1,14,'Treine na frente do espelho, apresente-se observe seus gestos, seus vícios de linguagem e muito mais.',9,'2024-12-29 22:46:52','2024-12-29 22:46:52'),(149,1,14,'Converse sobre o que você gosta e diferentes tipos de assuntos.',10,'2024-12-29 22:47:11','2024-12-29 22:47:11'),(150,1,13,'Fazer refeições no mesmo horário e comendo o mesmo alimento, vai ser mais eficiente, do que fazendo tudo de forma aleatória.',6,'2024-12-29 23:04:09','2024-12-29 23:04:09'),(151,1,13,'Dividir suas refeições entre 4 a 6, calcular quanto você consome, não mudar por um tempo.',7,'2024-12-29 23:05:46','2024-12-29 23:05:46'),(152,1,13,'4 - Aprenda a sujar a dieta',8,'2024-12-29 23:06:34','2024-12-29 23:06:34'),(153,1,13,'Adicionar refeições mais calóricas nos dias onde você gasta mais calorias, tire alguns dias estratégicos para que você consuma besteiras como do exemplo citado facilita o ganho de peso.',9,'2024-12-29 23:08:18','2024-12-29 23:08:18'),(154,1,13,'Consuma alimentos com alta densidade calórica.',10,'2024-12-29 23:08:38','2024-12-29 23:08:38'),(155,1,13,'Coma alimentos que façam você sentir menos saciedade e consiga comer mais.',11,'2024-12-29 23:09:48','2024-12-29 23:09:48'),(156,1,13,'Manipular os alimentos para que você se sinta menos saciado e consiga comer mais.',12,'2024-12-29 23:11:00','2024-12-29 23:11:00'),(157,1,13,'5 - Não tente ganhar peso rápido',13,'2024-12-29 23:11:18','2024-12-29 23:11:18'),(158,1,13,'Seu corpo tem um limite, se você não tomar cuidado você pode acabar acumulando muita gordura, e ter que fazer uma outra rotina para perder essa gordura acumulada.',14,'2024-12-29 23:12:39','2024-12-29 23:12:39'),(159,1,13,'Iniciante: 2 a 4 kg por mês',15,'2024-12-29 23:13:41','2024-12-29 23:13:41'),(160,1,13,'Não tem como fugir do ganho de gordura',16,'2024-12-29 23:14:18','2024-12-29 23:14:18'),(161,1,13,'Você tem muito mais resultado pensando a longo prazo.',17,'2024-12-29 23:14:48','2024-12-29 23:14:48'),(162,1,13,'Realize cardio, pois ele diminui a gordura, só não exagere, para não dificulta o processo de bulking para ganhar peso.',18,'2024-12-29 23:15:38','2024-12-29 23:15:38'),(164,1,15,'Treino de Janeiro',1,'2024-12-29 23:21:36','2025-01-01 18:10:13'),(165,1,15,'Alimentação',5,'2024-12-29 23:22:28','2025-01-03 18:04:47'),(167,1,15,'Café da manhã: 2 x pães com manteiga + Nescau em média pode me render 664 kcal nos treinos de segunda e quarta podemos iniciar 30 minutos depois da refeição, já no de sexta e sábado 1h30 por serem mais pesados.',7,'2024-12-29 23:39:55','2025-01-03 18:04:47'),(168,1,15,'Fazer 5 refeições de domingo a quinta e 6 refeições de sexta para sábado',6,'2024-12-29 23:40:38','2025-01-03 18:04:47'),(170,1,15,'A ideia é fazer a sobremesa um dia sim e um dia não.',9,'2024-12-30 00:10:50','2025-01-03 18:04:47'),(171,1,15,'Treino vai ser dia de segunda, quarta e sexta, sendo sexta dia de progressão de carga, com um treino mais pesado para evoluirmos.',3,'2024-12-30 00:11:47','2025-01-03 18:04:47'),(172,1,15,'E aos sábados vamos fazer cardio, com uma corrida de 2,5 km com parada de 10 minutos.',4,'2024-12-30 00:12:50','2025-01-03 18:04:47'),(173,1,15,'Almoço e Janta .: carboidratos: 3 conchas de arroz branco + 1 concha de feijão ou 1 concha de arroz + 3 conhas de macarrão ao óleo ou ao molho, proteínas: 2 ovos fritos ou cozidos, 3 pedaços de frango frito/cozido/grelhado e 2 pedaços de carne vermelha coxão mole, frito/cozido, sobremesa: sorvete 200ml + caudas morango/chocolate/baunilha. Em média a depender das escolhas pode facilmente passa de 1.400 kcal a 1.600 kcal a depender das escolhas.',8,'2024-12-30 00:18:02','2025-01-03 18:04:47'),(174,1,15,'Lanche Rápido a Tarde: 1 xícara de Pipoca + 2 colher de chá de óleo + leite condensado + um copo de 200ml com leite integral e 4 colheres de chá de Neston e açucar (média de 490 kcal) ou 1 pão francês com manteiga e 2 fatias de quiejo e 1 de presunto + um copo de 200ml com leite integral e 4 colheres de chá de Neston (média de 545 kcal).',10,'2024-12-30 00:25:31','2025-01-03 18:04:47'),(175,1,15,'Lanche rápido antes de dormir, 1 copo de 200ml de mingau de aveia.',11,'2024-12-30 00:29:47','2025-01-03 18:04:47'),(176,1,15,'No total pegando todos os valores mínimos renderia 4269 kcal por dia.',12,'2024-12-30 00:30:42','2025-01-03 18:04:47'),(177,1,16,'O tempo de descanso entre as séries é fundamental tanto para permitir que nosso corpo se recupere e tenha energia para os próximos movimentos, quanto para ajudar a aprimorar a força, a resistência e até mesmo o ganho de massa muscular.',1,'2024-12-30 01:04:47','2024-12-30 01:06:40'),(178,1,16,'Por que é importante descansar entre as séries?',2,'2024-12-30 01:05:02','2024-12-30 01:06:39'),(179,1,16,'Evidências indicam que descansar entre as séries afeta as respostas agudas durante o treino, como frequência cardíaca, pressão arterial e temperatura corporal. Mas não é só isso, o tempo de descanso pode ter impacto em outros benefícios da prática regular de exercícios, como o ganho de músculos. Isso porque a pausa tem o objetivo de permitir que o músculo se recupere e esteja pronto para realizar uma nova série, ajudando assim na construção muscular.',3,'2024-12-30 01:06:26','2024-12-30 01:06:37'),(180,1,16,'Fonte .: https://www.yopro.com.br/quanto-tempo-descansar-entre-as-series-e-por-que-isso-e-importante/#:~:text=Um%20tempo%20de%20descanso%20comumente,objetivos%20do%20atleta%5B4%5D.',0,'2024-12-30 01:06:36','2024-12-30 01:06:40'),(181,1,16,'Vamos a um pouco de ciência! Durante o treino de musculação, por exemplo, o sistema anaeróbico alático, que usa as moléculas de ATP armazenadas para dar energia, é o mais utilizado em um primeiro momento. A partir de certo tempo, essas reservas se esgotam e precisam ser ressintetizadas  a partir de substâncias como a creatina (uma proteína composta por aminoácidos), lipídios e glicose. O tempo de descanso permite justamente que esse processo aconteça.',4,'2024-12-30 01:06:57','2024-12-30 01:06:57'),(182,1,16,'Quanto tempo de descanso você realmente precisa entre as séries?',5,'2024-12-30 01:07:33','2024-12-30 01:07:33'),(183,1,16,'Depende do tipo de treino e dos seus objetivos.',6,'2024-12-30 01:07:49','2024-12-30 01:07:49'),(184,1,16,'Tempo de descanso para os treinos de resistência',7,'2024-12-30 01:08:06','2024-12-30 01:08:06'),(185,1,16,'O treino de resistência – aquele que ajuda o músculo a aumentar sua capacidade de suportar a fadiga ou de resistir à acidose gerada pelo exercício físico, que pode promover a dor – exige tempos de descanso bastante curtos, como menos de 90 segundos entre as séries. Um tempo de descanso comumente indicado é o de 30 segundos, dependendo do tipo de treino e dos objetivos do atleta.',8,'2024-12-30 01:08:33','2024-12-30 01:08:33'),(186,1,16,'Nos treinos de resistência, um volume maior de repetições costuma ser realizado com uma quantidade menor de peso. Há, também, os treinos intervalados em alta intensidade, que ajudam a melhorar a resistência muscular e envolvem tempos de descanso bastante curtos.',9,'2024-12-30 01:08:48','2024-12-30 01:08:48'),(187,1,16,'Tempo de descanso para os treinos de força',10,'2024-12-30 01:09:01','2024-12-30 01:09:01'),(188,1,16,'A força muscular é, como o próprio nome diz, a capacidade de produzir força para mover um peso. Ao construí-la, há menos ênfase no tamanho do músculo e mais empenho na produção máxima de força ou potência. Assim, respeitar o tempo ideal de descanso entre as séries ajuda a manter um nível alto de produção de força para o próximo set.',11,'2024-12-30 01:09:31','2024-12-30 01:09:31'),(189,1,16,'O tempo de descanso entre séries neste caso é mais longo do que nos treinos de resistência: entre 2 e 5 minutos. A ideia aqui é pegar mais peso, de forma gradativa, o que também exige um maior tempo de recuperação para o músculo se recompor e estar pronto para a próxima.',12,'2024-12-30 01:09:59','2024-12-30 01:09:59'),(190,1,16,'E quanto tempo de descanso para os treinos de hipertrofia?',13,'2024-12-30 01:10:12','2024-12-30 01:10:12'),(191,1,16,'Nem todo atleta tem o objetivo de “ficar monstrão”, ou seja, de ganhar músculos grandes e aparentes. Mas aqueles que têm essa meta estão bastante comprometidos com a hipertrofia muscular, ou seja, o aumento do tamanho e volume dos músculos. Esse crescimento é uma resposta fisiológica à sobrecarga imposta pelo levantamento de peso  combinada à alimentação adequada, entre outros fatores.',14,'2024-12-30 01:10:51','2024-12-30 01:10:51'),(192,1,16,'Assim, no treinamento de hipertrofia, o objetivo é sobrecarregar os músculos para provocar lesões temporárias e estimular as fibras musculares a crescerem. Então quanto mais sobrecarregá-los, melhor? Aí que você se engana!',15,'2024-12-30 01:11:07','2024-12-30 01:11:07'),(193,1,16,'O processo de sobrecarregar os músculos provoca a liberação de lactato, que pode favorecer a fadiga muscular. Assim, o tempo de descanso é fundamental para permitir que o músculo descanse. Descansado, a cada repetição, você consegue empregar o máximo de força e levantar a quantidade de pesos proposta.',16,'2024-12-30 01:11:25','2024-12-30 01:11:25'),(194,1,16,'Evidências mostram que no tempo de descanso para hipertrofia, os intervalos devem ser mais longos do que no treino de resistência, e mais curtos do que no treino de força, ficando entre 30 e 90 segundos.',17,'2024-12-30 01:11:42','2024-12-30 01:11:42'),(195,1,16,'Quanto é muito tempo de pausa entre as séries?',18,'2024-12-30 01:12:05','2024-12-30 01:12:05'),(196,1,16,'O tempo de descanso é uma oportunidade para você recuperar o fôlego e a concentração. Assim, se você se distrair e demorar tempo demais entre as séries, acabará perdendo o foco no exercício. Pense na pausa como uma parte integrante do treino, assim como cada repetição.',19,'2024-12-30 01:12:35','2024-12-30 01:12:35'),(197,1,16,'Em geral, os tempos de descanso também são calculados de acordo com as necessidades do seu corpo. Se em 30 segundos você se sente recuperado o suficiente para passar à próxima série, tudo certo, desde que esteja dentro do valor estipulado para atingir os seus objetivos.',20,'2024-12-30 01:12:43','2024-12-30 01:12:43'),(198,1,16,'Mas não extrapole. Se o seu tempo de descanso estimado deve ser de 90 segundos e você acabar dando uma pausa de 5 minutos entre as séries, pode ser que suas metas naquele dia não sejam cumpridas.',21,'2024-12-30 01:12:55','2024-12-30 01:12:55'),(199,1,17,'Salmos 136.1 .: LOUVAI ao Senhor, porque Ele é bom; Porque a sua benignidade dura para sempre.',0,'2024-12-30 15:33:34','2024-12-30 15:33:34'),(200,1,17,'- Falar sobre o ano',1,'2024-12-30 15:35:08','2024-12-30 15:35:08'),(201,1,17,'- Falar sobre as dificuldades do ano',2,'2024-12-30 15:35:22','2024-12-30 15:35:22'),(202,1,17,'- Expressar a gratidão pela misericordia, bondade e generosidade de Deus, dos meus familiares e amigos.',3,'2024-12-30 15:40:00','2024-12-30 15:40:00'),(203,1,18,'Após a segunda guerra mundial, os aliados descobriram experimentos nazistas, que poderiam explicar fenômenos inexplicáveis que aconteciam no mundo, como por exemplo desaparecimento de voos aéreos, desaparecimento inexplicáveis de pessoas, rituais macabros e muito mais.',0,'2024-12-31 06:05:02','2024-12-31 06:05:02'),(204,1,18,'Foi criada em conjunto com os aliados pós segunda guerra mundial, dois departamentos importantes e ultra-secretos, o departamento de controle de eventos paranormais (paranormal events control department) e o departamento de pesquisa paranormal (paranormal research department), as pesquisas feitas pelos nazista denominavam tais eventos misteriosos como causa paranormal, já que são inexplicáveis.',1,'2024-12-31 06:09:28','2024-12-31 06:09:28'),(205,1,18,'Os dois departamentos foram estabelecidos na Alemanha, para aproveitar as pesquisas dos nazistas, e tais eventos eram estudadas pelo departamento de pesquisa, a qual descobriu bastante coisa sobre esses eventos, os cientistas pela primeira vez na história descobriu a existência de um outro plano fora da nossa realidade, a qual entrava em contato com o nosso plano, tal plano causava estes eventos, porém o que eles não sabiam é o que causava tal ligação.',2,'2024-12-31 06:12:25','2024-12-31 06:12:25'),(206,1,18,'Fora isso, dentro dessas áreas paranormais, era possível medir uma quantidade de energia, e foi criado uma espécie de medidor, o que intrigou as autoridades americanas e dos demais países que se perguntavam se tal energia era maleável ou seja se era possível usa-la.',3,'2024-12-31 06:14:35','2024-12-31 06:14:35'),(207,1,18,'O departamento de controle alertou das consequências muitos dos agentes da tropa de choque enviadas para a zona para realizar a contenção da área e a proteção dos cientistas, acabavam desparecendo, enlouquecendo, ou se deparando com seres fora da realidade.',4,'2024-12-31 06:16:17','2024-12-31 06:16:17'),(208,1,18,'O governo ignorou tais avisos e prosseguiu em suas pesquisas, na tentativa de manusear tal energia, nesta época um arqueólogo, descobriu informações intrigantes do passado sobre criaturas, o que muitos intitulavam como deuses outros como demônios e seu envolvimento com esses eventos paranormais.',5,'2024-12-31 06:19:30','2024-12-31 06:19:30'),(209,1,18,'Muitas das pesquisas do arqueólogo foram censuradas e tomadas pelo governo da Inglaterra e levadas para o departamento de pesquisa, que estava fazendo progresso.',6,'2024-12-31 06:20:48','2024-12-31 06:20:48'),(210,1,18,'Após uma década, tudo estava indo bem, porém uma sabotagem em um dos testes do departamento de pesquisa na tentativa de extrair energia desse outro plano, trouxe uma consequência catastrófica, a sede de pesquisa até hoje não se sabem o que causou a catástrofe, muitos acham que o departamento de controle foi responsável, porém dentro dos 5 anos dessa década que se passou, foram descobertos ocultistas, que se desfaçavam perante a sociedade, mas que tinham conhecimento desse outro plano.',7,'2024-12-31 06:25:15','2024-12-31 06:25:15'),(211,1,18,'Tais humanos denominados ocultistas tinham habilidades além da compreensão humana e foram considerados inimigos da sociedade, o departamento de controle ficou responsável por  prender ou eliminar quaisquer ameaça do gênero.',8,'2024-12-31 06:26:56','2024-12-31 06:26:56'),(212,1,18,'A possibilidade de uma sabotagem desses grupos ocultistas e grande e quase que inevitável, porém as investigações não puderam ser concluídas, algo de muito estranho estava acontecendo dentro do departamento de pesquisa que foi sabotado, algo além da compreensão humana estava lá, todos os grupos da tropa de choque que foram enviados, foram eliminados, e não desapareceram, foram literalmente abatidos por alguma coisa que está dentro das instalações de pesquisas.',9,'2024-12-31 06:30:28','2024-12-31 06:30:28'),(213,1,18,'A zona foi isolada rapidamente não só pelo departamento de controle mas também pelo exercito Alemão e da Onu, ninguém é autorizado a adentrar a área que representa um perigo máximo de natureza desconhecida.',10,'2024-12-31 06:32:00','2024-12-31 06:32:00'),(214,1,18,'Após esse evento catastrófico eventos paranormais começaram a se instaurar em todo mundo, ficando cada vez mais comuns, os casos de mortes e desaparecimentos, ficaram cada vez mais comuns, o número de agentes tiveram que aumentar, os jornalistas famintos por investigação queriam entender porque a área estava isolada, com isso o governo tomou a decisão de mudar o departamento de controle de eventos paranormais para os Estados Unidos.',11,'2024-12-31 06:34:13','2024-12-31 06:34:13'),(215,1,18,'A instalação foi vendida para uma empresa privada, para ficar como faixada, se tornando assim uma empresa de recebimento de gases de gasodutos para abastecimento de cidades na Alemanha.',12,'2024-12-31 06:35:28','2024-12-31 06:35:28'),(216,1,18,'Tal notícia intrigou os jornalistas mas foi capaz de despista-los temporariamente, o departamento de controle conseguiu recuperar poucas pesquisas do departamento de pesquisas, o arqueólogo foi permitido para continuar suas pesquisas que também estão sendo usadas pelo departamento de controle.',13,'2024-12-31 06:38:01','2024-12-31 06:38:01'),(217,1,18,'Com as pesquisas recuperadas pelo departamento de controle, foram criadas armas eficazes para o combate com as denominadas entidades paranormais que começaram a aparecer frequentemente nos eventos paranormais, deixando muitos agentes mortos e feridos após as missões.',14,'2024-12-31 06:40:24','2024-12-31 06:40:24'),(218,1,18,'A maioria das pesquisas do departamento de pesquisa foram descontinuadas, por não conseguir ser recuperadas ou por serem consideradas perigosas de mais.',15,'2024-12-31 06:41:23','2024-12-31 06:41:23'),(219,1,18,'Um grupo ocultista foi identificado como possível causador da catástrofe e está aparentemente infiltrados entre a alta sociedade e até mesmo dentro do departamento de controle, e talvez sejam ex membros sobreviventes do departamento de pesquisa.',16,'2024-12-31 06:42:56','2024-12-31 06:42:56'),(220,1,18,'O jogo está mais perigoso do que nunca, segredos em oculto ecoam entre as organizações, e o medo se instaura entre os lideres mundiais, que não podem permitir que tal segredo se espalhe pelo mundo, causando pânico mundial.',17,'2024-12-31 06:44:19','2024-12-31 06:44:19'),(221,1,18,'O departamento de controle tem uma grande missão de descobrir os infiltrados os ex membros que sabotaram a missão e o porque disso, além de ter que lidar com um fato de que talvez tenha uma entidade desconhecida e nunca catalogada dentro dos laboratórios de pesquisas',18,'2024-12-31 06:45:56','2024-12-31 06:45:56'),(222,1,18,'O tempo é curto pois seja lá o que tem lá dentro está se espalhando corrompendo o solo, e crescendo sons de um coração é possível ser escutado, lamentos e arranhar de dentes é possível ser escutado de dentro das instalações, patrulhas inteiras desparecem, a situação é perigosa, parece que o próprio inferno está dentro destas instalações.',19,'2024-12-31 06:48:07','2024-12-31 06:48:07'),(223,1,2,'Eae meu mano Josas, como vai? tudo tranks?? Mano para começar quero te agradecer cara por ser um baita de um amigo, quero que tu saiba que te considero praticamente um irmão cara, te agradeço por tudo que você fez por mim meu mano, me apresentou pessoas incríveis a qual eu fico muito feliz por ter conhecido cada uma delas, por ter me escutado e lido meus grandes textos apaixonado ou tristes, por ter dado ótimos conselhos, para mim, você merece muito mano e espero que tudo dê certo na sua vida neste novo ano meu mano, graças a ti pude conhecer parte da rapaziada também presencialmente, e tu realmente me convenceu a ir para Univali, se tudo der certo estarei indo próximo ano, fique feliz meu mano pelas conquistas que você teve nesse ano que se passou, mesmo que sejam poucas, mas o importante é ter passado em mais um ano, sempre continue sendo esse cara que tu é, brincalhão, inteligente, companheiro, e muito mais meu mano, e te digo mano o que eu diria para todos os meus amigos, não deixe ninguém mudar quem você é, pois é isso que faz você ser diferente dos demais, é sua essência, esse ano foi um máximo, não sei o que seria desse ano sem ti meu mano, tu é muito foda cara, valorizo muito nossa amizade e espero que ela perdure até a eternidade, peço desculpas pelos momentos que te atormentei que creio que foram muitos *risos, desculpe pelos momentos que pensei em me afastar, é isso meu mano, que o próximo ano venha ser incrível para nós dois, esse ano tudo isso me rendeu boas gargalhadas, espero olhar para tudo isso depois de um tempo e rir pra krl junto contigo, feliz ano novo meu mano, boto fé em ti meu mano!',3,'2024-12-31 16:31:20','2024-12-31 16:32:02'),(224,1,2,'Para o Nascimento:',12,'2024-12-31 16:37:55','2024-12-31 16:37:55'),(225,1,2,'Eai 61, como você tá? Cara que ano foda foi esse que passou apesar das dificuldades, queria te agradecer cara pelo apoio, principalmente na volta do campo cara c me ajudou muito com a rapaziada, eu tava literalmente quase morrendo, os nossos papos eram muito foda no terminal isso faz falta meu mano, mas espero que esse ano de 2025 venha ser um ano muito foda para nós que venhamos estar crescendo muito, nunca vou dos bons momento nesse bagulho que foi o tiro de guerra, e para mano de querer sair fardado cara isso não dá kkkkkkkkkk, bom mas feliz ano novo cara felicidades para ti.',13,'2024-12-31 16:41:13','2024-12-31 16:41:13'),(226,1,15,'Aquecimento .: https://www.youtube.com/watch?v=hi7q7-N3fE4',0,'2025-01-01 18:09:34','2025-01-01 18:10:13'),(227,1,15,'Automotivo Super Mario World 2',13,'2025-01-01 19:10:47','2025-01-03 18:04:47'),(228,1,5,'Esse desejo faz muitos jovens quererem entrar para gangues e participar de atividades criminosas. Segundo E. P. Mulrooney, ex-comissário de polícia de Nova York, o jovem criminoso padrão tem um ego imenso e, quando é preso, costuma pedir exemplares de jornais sensacionalistas que lhe dão destaque na primeira página. A desagradável perspectiva de cumprir uma sentença parece remota, desde que ele possa se gabar de ter sua imagem no mesmo espaço onde costuma haver fotos de políticos e de astros do esporte e do cinema.',7,'2025-01-02 03:31:46','2025-01-02 03:31:46'),(229,1,5,'Diz-me como te sentes importante e te direi quem és. Isso determina seu caráter. É o que há de mais significativo a respeito de sua pessoa.',8,'2025-01-02 03:32:54','2025-01-02 03:32:54'),(230,1,5,'A história está repleta de exemplos divertidos de pessoas famosas lutando para se sentir importantes. George Washington queria ser chamado de “O poderoso presidente dos Estados Unidos”; Cristóvão Colombo solicitou o título de “Almirante do Oceano e Vice-Rei da Índia”; a rainha Catarina, a Grande, recusava-se a abrir cartas que não se referissem a ela como “Sua Majestade Imperial”; e, na Casa Branca, a Sra. Lincoln partiu como uma tigresa para cima de uma convidada, gritando: “Como ousa sentar-se em minha presença sem minha permissão?”',9,'2025-01-02 03:56:59','2025-01-02 03:56:59'),(231,1,5,'Algumas autoridades médicas dizem que as pessoas podem até enlouquecer para encontrar, no mundo da loucura, o sentimento de importância negado na dura realidade do mundo.',10,'2025-01-02 03:59:36','2025-01-02 03:59:36'),(234,1,5,'Se algumas pessoas precisam tanto desse sentimento de importância e atenção a ponto de encontrar alívio na loucura, imagine o bem que podemos fazer ao dar a elas um reconhecimento honesto.',11,'2025-01-02 04:00:22','2025-01-02 04:00:25'),(235,1,5,'“Considero minha capacidade de despertar entusiasmo o maior dom que possuo, e a maneira mais eficiente de desenvolver o que existe de melhor numa pessoa é o reconhecimento e o encorajamento. Nada é mais eficaz para aniquilar as ambições de uma pessoa do que críticas de seus superiores. Assim, nunca critico ninguém. Acredito em dar incentivos para o trabalho. Portanto, fico ansioso para elogiar, mas odeio achar defeitos. Se gosto de alguma coisa, sou caloroso ao demonstrar reconhecimento e pródigo nos elogios.”',12,'2025-01-02 04:04:42','2025-01-02 04:04:42'),(236,1,5,'É o que Schwab fazia. Mas o que as pessoas costumam fazer? Exatamente o oposto. Quando não gostam de algo, berram com os subordinados. Quando gostam, não falam nada. Como diz um antigo par de versos: “O mal fiz uma vez e para sempre fui lembrado/ O bem fiz duas vezes e dele nunca foi falado.”',13,'2025-01-02 04:05:30','2025-01-02 04:05:30'),(237,1,5,'“Ao longo da vida, conheci uma grande variedade de pessoas, algumas delas importantes, em diversas partes do mundo”, declarou Schwab. “Ainda não conheci um indivíduo, mesmo entre os mais famosos e donos de cargos importantes, que não trabalhe melhor ou não se esforce mais ao ser elogiado do que ao ser criticado.”',14,'2025-01-02 04:06:10','2025-01-02 04:06:10'),(238,1,5,'O reconhecimento sincero era um dos segredos do sucesso do empresário John D. Rockefeller no trato dos que trabalhavam para ele. Por exemplo, quando um de seus sócios, Edward T. Bedford, perdeu 1 milhão de dólares da empresa ao fazer um mau negócio na América do Sul, John D. poderia ter feito críticas. Mas sabia que Bedford havia feito o melhor que podia e o caso foi encerrado. Rockefeller ainda encontrou algo para elogiar: parabenizou Bedford por ter resgatado 60% do dinheiro investido.',15,'2025-01-02 04:07:37','2025-01-02 04:07:37'),(239,1,5,'Há alguns anos foi conduzido um estudo sobre mulheres que abandonam o lar. Adivinhe qual foi considerado o principal motivo para partirem: “falta de reconhecimento”. Ficamos tão habituados à presença da outra pessoa que deixamos de dizer quão importantes são.',16,'2025-01-02 04:08:30','2025-01-02 04:08:30'),(240,1,5,'Certa vez, durante uma aula, um de meus alunos falou sobre um pedido de sua esposa. Ela e um grupo de mulheres da igreja tinham ingressado num programa de autoaperfeiçoamento. A mulher pediu ao marido que listasse seis coisas que ela poderia fazer para se tornar uma parceira melhor. Ele relatou à turma:',17,'2025-01-02 04:09:28','2025-01-02 04:09:28'),(241,1,5,'“Fiquei surpreso com o pedido. Sinceramente, teria sido fácil listar seis coisas que gostaria de mudar nela. Mas ela, por sua vez, poderia ter listado mil que gostaria de mudar em mim. Enfim, não fiz a lista. Apenas falei: ‘Vou pensar no assunto e amanhã de manhã dou uma resposta.’”',18,'2025-01-02 04:09:54','2025-01-02 04:09:54'),(242,1,5,'Ele fez uma pequena pausa, sorriu e continuou a história:',19,'2025-01-02 04:10:05','2025-01-02 04:10:05'),(243,1,5,'“Na manhã seguinte, acordei bem cedo, liguei para o florista e pedi que enviasse seis rosas vermelhas para minha mulher com um bilhete que dizia ‘Não consigo pensar em seis coisas que gostaria de mudar em você. Eu te amo exatamente como você é.’ Quando cheguei em casa naquela noite, quem me recebeu na porta? Isso mesmo. Minha mulher! Estava quase chorando. Nem preciso dizer que fiquei extremamente feliz por não ter feito as críticas que ela havia solicitado.”',20,'2025-01-02 04:10:47','2025-01-02 04:10:47'),(244,1,5,'“Depois que ela entregou o resultado da tarefa no domingo seguinte, na igreja, diversas mulheres do grupo de estudos vieram a mim e me disseram: ‘Foi o gesto mais atencioso que vi em toda a minha vida.’ Foi quando eu percebi o poder do reconhecimento.”',21,'2025-01-02 04:11:12','2025-01-02 04:11:12'),(245,1,5,'Há pouco tempo vi o busto de um herói mexicano, o general (e depois presidente) Álvaro Obregón, no Castelo de Chapultepec, na Cidade do México. No pedestal estavam gravadas estas sábias palavras de sua filosofia: “Não tenha medo dos inimigos que o atacam. Tenha medo dos amigos que o bajulam.”',22,'2025-01-02 04:25:30','2025-01-02 04:25:30'),(247,1,5,'O rei Jorge V, do Reino Unido, tinha uma série de seis máximas nas paredes de seu escritório no Palácio de Buckingham. Uma delas dizia: “Ensine-me a não oferecer nem receber elogios baratos.” A bajulação não passa disto: elogios baratos. Certa vez li uma definição que merece ser registrada. “A bajulação é dizer ao outro exatamente o que ele pensa de si mesmo.”',23,'2025-01-02 04:25:54','2025-01-02 04:25:54'),(248,1,5,'Se a bajulação resolvesse tudo, todos aprenderíamos o truque e seríamos especialistas em relações humanas.',24,'2025-01-02 04:26:05','2025-01-02 04:26:05'),(249,1,5,'Quando não estamos enfrentando algum problema, costumamos passar 95% do tempo pensando em nós mesmos. Mas, quando paramos de pensar em nós mesmos e começamos a pensar nos pontos fortes dos outros, não precisamos recorrer à bajulação falsa e barata.',25,'2025-01-02 04:26:15','2025-01-02 04:26:15'),(250,1,15,'Rotina de treino inicial .: Flexão de Braços Abertos 3x7, Flexão 3x7, Abdominal 3x7, Prancha 3x35s, Remada 3x7 e Serrote (Remada Unilateral) 3x6',2,'2025-01-03 18:04:09','2025-01-03 18:04:47'),(251,1,19,'Agora vamos estudar como a nossa proposta de valor chega ao cliente, precisamos criar estratégias de entrega, logo após precisamos saber como se relacionar com o cliente, como podemos fazer ele ficar conosco, por ultimo precisamos ver como vamos estruturar o faturamento o cliente vai pagar uma vez ou será cobrado mensalidades e etc.',0,'2025-01-06 17:49:24','2025-01-06 17:49:24'),(252,1,19,'Depois precisamos saber quais são os insumos ou recursos que a proposta de valor precisara, logo após precisaremos ver quais são as atividades que faremos para usar nas proposta de valor, depois precisaremos ver quais parceria, pode ser que sua parceria esteja relacionada a entrega o teu relacionamento com o cliente, com os insumos sendo fornecedor ou com as atividades, e tudo isso gera custos ao qual também precisamos ter atenção.',1,'2025-01-06 17:58:52','2025-01-06 17:58:52'),(253,1,5,'Saber valorizar o outro é uma das virtudes mais negligenciadas hoje em dia. Deixamos de elogiar os filhos quando tiram boas notas na escola e deixamos de encorajá-los quando assam um bolo ou montam um quebra-cabeça sozinhos pela primeira vez. Nada alegra mais uma criança que esse tipo de interesse e aprovação dos pais.',26,'2025-01-07 02:27:13','2025-01-07 02:27:13'),(254,1,5,'Todo pastor, palestrante ou orador sabe como é desanimador entregar-se para uma plateia e não receber um único comentário elogioso de volta.',27,'2025-01-07 02:28:16','2025-01-07 02:28:16'),(255,1,5,'Aonde quer que você vá, tente deixar um rastro amigável de pequenas centelhas de gratidão. Você se surpreenderá ao vê-las formar pequenas chamas de amizade que crescerão e se transformarão em faróis para iluminar seu caminho da próxima vez que percorrê-lo.',28,'2025-01-07 02:29:48','2025-01-07 02:29:48'),(256,1,5,'Principio 2 - Faça elogios honestos e sinceros.',29,'2025-01-07 02:32:34','2025-01-07 02:32:34'),(257,1,20,'Lembre-se disso quando quiser convencer alguém a fazer alguma coisa. Por exemplo, se não quer que os filhos fumem, não faça sermões. Não diga que é o que você quer. Em vez disso, mostre que o cigarro pode atrapalhá-los caso entrar para a equipe de basquete ou de atletismo.',0,'2025-01-07 02:41:36','2025-01-07 02:41:36'),(258,1,20,'Isso vale para crianças, bezerros ou chimpanzés. Veja este exemplo: certo dia, Ralph Waldo Emerson e seu filho tentaram obrigar um bezerro a entrar no curral, mas cometeram o erro de pensar apenas no que queriam: Emerson empurrava, o filho puxava. O problema era que o bezerro fez o mesmo: pensou apenas no que queria. Assim, firmou as pernas e, teimoso, se recusou a deixar o pasto. A empregada deles, criada numa fazenda, deu uma olhada no curral e viu a situação. Não era capaz de escrever ensaios nem livros, mas mostrou que entendia de bezerros muito mais que Emerson. Pensou no que o animal queria. Então, num gesto maternal, colocou um dedo na boca do bichinho para que ele sugasse enquanto o conduzia delicadamente até o curral.',1,'2025-01-07 02:41:49','2025-01-07 02:41:49'),(260,1,20,'Primeiro desperte no outro um desejo ardente. Quem consegue isso tem o mundo inteiro a seu lado; quem não consegue trilha um caminho solitário.”',2,'2025-01-07 02:48:28','2025-01-07 02:48:28'),(261,1,20,'“Eu, minha mulher e meu outro filho começamos a fazer pintura com as mãos na mesa da cozinha, nos divertindo muito. Pouco tempo depois, Tim já estava nos espiando. Em seguida, se aproximou e pediu para participar. Eu respondi: ‘Ah, não! Primeiro você precisa ir para o jardim de infância para aprender a pintar com as mãos.’ Em seguida, com todo o entusiasmo, repassei a lista que eu e minha mulher tínhamos feito, mas de uma forma que ele pudesse entender, explicando que ele se divertiria muito no jardim de infância.”',3,'2025-01-07 02:55:15','2025-01-07 02:55:15'),(262,1,20,'“Na manhã seguinte, achei que tinha sido o primeiro a acordar, mas, quando fui para a sala, encontrei Tim na poltrona, dormindo profundamente. ‘O que está fazendo aqui?’, perguntei ao acordá-lo, e ele respondeu: ‘Estou esperando para ir para o jardim. Não quero me atrasar.’ O entusiasmo da família tinha despertado em Tim um desejo que nunca teríamos conseguido provocar com discussões ou ameaças.”',4,'2025-01-07 02:55:28','2025-01-07 02:55:28'),(263,1,20,'Talvez você queira persuadir alguém a fazer algo. Antes de falar, porém, pare e pergunte a si mesmo: “Como posso estimular essa pessoa a querer fazer isso?” Ao nos fazermos essa pergunta, evitamos nos precipitar e ficar tagarelando inutilmente sobre o que queremos.',5,'2025-01-07 02:55:38','2025-01-07 02:55:38'),(264,1,20,'Eis um dos melhores conselhos já dados sobre a delicada arte dos relacionamentos humanos: “Se existe um segredo para o sucesso, ele consiste na capacidade de entender o ponto de vista do outro e enxergar não só com seus olhos, mas também com os olhos dele”, disse Henry Ford.',6,'2025-01-07 03:05:19','2025-01-07 03:05:19'),(265,1,20,'Sr. John 			, Indiana			Prezado Sr. ,			A empresa  deseja manter sua posição de liderança entre as agências que atuam no segmento da publicidade radiofônica.',7,'2025-01-07 03:06:10','2025-01-07 03:06:10'),(266,1,20,'[Quem se importa com os desejos de sua empresa? Eu estou preocupado com meus próprios problemas. O banco está ameaçando executar a hipoteca da minha casa, os parasitas estão destruindo o jardim, a bolsa despencou ontem. Perdi o trem das 8h15 hoje de manhã, não fui convidado para a festa dos Jones ontem à noite, o médico me contou que tenho pressão alta, neurite e caspa. E aí o que acontece? Chego preocupado ao escritório, abro a correspondência e encontro um sujeitinho da cidade grande com uma conversa mole sobre o que a empresa dele deseja. Que vergonha! Se ele soubesse como uma carta dessas pega mal, deixaria o ramo da publicidade e começaria a fabricar vermicida.]',8,'2025-01-07 03:07:04','2025-01-07 03:07:04'),(267,1,20,'As contas de alcance nacional desta agência foram o verdadeiro sustentáculo da nossa rede. Os anúncios que vendemos nos mantêm no topo das agências ano após ano.',9,'2025-01-07 03:09:11','2025-01-07 03:09:11'),(268,1,20,'[Você é um figurão rico e está no topo, não é? E daí? Não dou a mínima se sua empresa é tão grande quanto a General Motors, a General Electric e as três Forças Armadas juntas. Se tivesse o juízo de um beija-flor, você perceberia que quero saber de mim mesmo, não de você. Todo esse papo sobre seu sucesso me faz sentir pequeno e sem importância.]',10,'2025-01-07 03:09:21','2025-01-07 03:09:21'),(269,1,20,'Desejamos oferecer aos nossos clientes a última palavra em informações sobre as emissoras de rádio.',11,'2025-01-07 03:09:40','2025-01-07 03:09:40'),(270,1,20,'[Isso é o que você quer! Só que eu não quero saber dos seus desejos, nem dos desejos do presidente dos Estados Unidos. Vou dizer de uma vez por todas: o que me interessa é o que eu quero, e você ainda não disse uma palavra sobre isso nesta carta absurda.]',12,'2025-01-07 03:09:54','2025-01-07 03:09:54'),(271,1,20,'Poderia, portanto, colocar a empresa  na sua lista preferencial de envio de informações semanais sobre a estação, com todos os detalhes que serão úteis para que a agência se programe de forma inteligente?',13,'2025-01-07 03:10:11','2025-01-07 03:10:11'),(272,1,20,'[“Lista preferencial.” Que cara de pau! Você me faz sentir insignificante com esse papo de que sua empresa é enorme e depois quer ser colocado numa lista “preferencial”, e ainda por cima nem pede “por favor”!]',14,'2025-01-07 03:10:22','2025-01-07 03:10:22'),(273,1,20,'Uma pronta resposta a esta carta, dando conta de suas últimas ações, será útil aos nossos interesses mútuos.',15,'2025-01-07 03:12:54','2025-01-07 03:12:54'),(274,1,20,'[Seu idiota! Você me manda uma carta padronizada e enviada para todos os cantos e tem a audácia de pedir que eu me sente e dite uma carta pessoal acusando o recebimento de sua circular, quando estou preocupado com a hipoteca, as plantas e minha pressão arterial. E ainda me pede uma “pronta resposta”. Como assim “pronta resposta”? Não sabe que sou tão ocupado quanto você? Pelo menos, é assim que prefiro pensar. Aliás, quem lhe deu o direito de sair me dando ordens? Você terminou a carta falando dos “nossos interesses mútuos”. Pelo menos no fim você começou a ver as coisas pela minha perspectiva. Mas não explicou como isso será vantajoso para mim.]',16,'2025-01-07 03:13:05','2025-01-07 03:13:05'),(275,1,20,'Atenciosamente,			Fulano de Tal			Gerente do Departamento de Rádio',17,'2025-01-07 03:13:18','2025-01-07 03:13:18'),(276,1,20,'P.S.: Envio anexo um recorte do jornal da cidade que poderá interessá-lo. Talvez queira retransmiti-lo em sua estação.',18,'2025-01-07 03:13:28','2025-01-07 03:13:28'),(277,1,20,'[Finalmente, no P.S., você menciona algo que pode me ajudar a resolver um dos meus problemas. Por que não começou a carta com isso? Mas, também, de que adianta? Um publicitário que é capaz de me soterrar com tantas baboseiras deve ter algum problema. Você não precisa de uma carta listando nossas “últimas ações”. O que precisa é de um frasco de iodo para estimular sua tireoide.]',19,'2025-01-07 03:13:41','2025-01-07 03:13:41'),(279,1,6,'<p>Atualizar o sistema para incluir métricas pode ajudar muito na análise do uso e no entendimento de como os usuários interagem com suas anotações. Para isso, você pode criar tabelas relacionadas às métricas de uso, além de adicionar novos campos nas tabelas já existentes. Abaixo estão as sugestões de tabelas e métricas que podem ser implementadas:</p><p><strong>1. Tabela: Usuários</strong></p><p><strong>Descrição</strong>: Guarda informações básicas sobre os usuários e suas métricas gerais.</p><p><strong>Campos:</strong></p><p>id (chave primária)</p><p>nome</p><p>email</p><p>data_criacao (data de cadastro do usuário)</p><p>ultima_atividade (data e hora da última ação do usuário no sistema)</p><p><strong>Métricas adicionais</strong>:</p><p>total_categorias (quantidade de categorias criadas pelo usuário)</p><p>total_ideias (quantidade de ideias criadas)</p><p>total_notas (quantidade de notas criadas)</p><p>tempo_total_uso (tempo total gasto no sistema)</p><p>ultima_categoria_criada (data da última categoria criada)</p><p><strong>2. Tabela: Categorias</strong></p><p><strong>Descrição</strong>: Armazena as categorias criadas e suas métricas.</p><p><strong>Campos:</strong></p><p>id (chave primária)</p><p>usuario_id (chave estrangeira para a tabela Usuários)</p><p>nome</p><p>data_criacao</p><p><strong>Métricas adicionais</strong>:</p><p>total_ideias (número de ideias vinculadas à categoria)</p><p>total_notas (número de notas vinculadas às ideias da categoria)</p><p>ultima_atividade (última data em que alguma ideia ou nota foi adicionada/modificada na categoria)</p><p><strong>3. Tabela: Ideias</strong></p><p><strong>Descrição</strong>: Contém as ideias vinculadas às categorias e suas métricas.</p><p><strong>Campos:</strong></p><p>id (chave primária)</p><p>categoria_id (chave estrangeira para a tabela Categorias)</p><p>usuario_id (chave estrangeira para a tabela Usuários)</p><p>titulo</p><p>descricao</p><p>data_criacao</p><p><strong>Métricas adicionais</strong>:</p><p>total_notas (número de notas vinculadas à ideia)</p><p>ultima_atividade (última data de modificação ou adição de notas)</p><p><strong>4. Tabela: Notas</strong></p><p><strong>Descrição</strong>: Registra os blocos de notas relacionados às ideias.</p><p><strong>Campos:</strong></p><p>id (chave primária)</p><p>ideia_id (chave estrangeira para a tabela Ideias)</p><p>usuario_id (chave estrangeira para a tabela Usuários)</p><p>conteudo</p><p>data_criacao</p><p>data_modificacao</p><p><strong>Métricas adicionais</strong>:</p><p>tamanho_conteudo (número de caracteres no conteúdo da nota)</p><p><strong>5. Tabela: Métricas de Uso (Logs)</strong></p><p><strong>Descrição</strong>: Registro detalhado das ações do usuário no sistema para monitoramento mais granular.</p><p><strong>Campos:</strong></p><p>id (chave primária)</p><p>usuario_id (chave estrangeira para a tabela Usuários)</p><p>acao (descrição da ação, como \"criou categoria\", \"adicionou nota\", etc.)</p><p>entidade (categoria, ideia, nota, etc.)</p><p>entidade_id (ID do item relacionado à ação)</p><p>data_hora (data e hora da ação)</p><p>duracao (tempo gasto na ação, se aplicável)</p>',11,'2025-01-12 00:02:01','2025-01-12 00:02:01'),(281,1,20,'<p><i>Prezado Sr. Vermylen,</i></p><p>&nbsp;Sua empresa tem sido um de nossos excelentes clientes há 14 anos. Claro que somos muito gratos por poder atendê-los e estamos ansiosos para fornecer o serviço rápido e eficiente que vocês merecem. No entanto, infelizmente não somos capazes de manter o mesmo padrão quando seus caminhões chegam com um grande carregamento no fim da tarde, como aconteceu em 10 de novembro. E por quê? Acontece que muitos dos nossos clientes também costumam fazer entregas a essa hora. Assim, ocorre um congestionamento. Isso significa que seus caminhões acabam detidos no cais e, às vezes, o transporte de sua mercadoria sofre atrasos.<br>&nbsp;É uma situação ruim, mas evitável. Se as entregas forem feitas pela manhã sempre que possível, os caminhões poderão se movimentar, sua carga receberá atenção imediata e nossos funcionários poderão ir para casa no início da noite saborear um delicioso jantar com um prato das massas que o senhor fabrica.&nbsp;<br>&nbsp;Seja qual for o horário de chegada de seus carregamentos, estaremos sempre felizes em fazer tudo que esteja ao nosso alcance para servi-lo prontamente.&nbsp;<br>&nbsp;Sabemos que o senhor é um homem ocupado. Por favor, não se dê ao trabalho de responder a esta mensagem.&nbsp;</p><p><i>Atenciosamente,&nbsp;</i><br><i>Fulano de Tal, superintendente</i></p>',20,'2025-01-13 14:00:07','2025-01-13 14:00:07'),(282,1,20,'<p>Prezado Senhor,<br>&nbsp;Minha experiência de dez anos no sistema bancário deve interessar a uma instituição que vem apresentando um crescimento tão rápido quanto a sua.&nbsp;<br>&nbsp;Ocupei diversas funções no Bankers Trust Company, de Nova York, antes de assumir meu posto atual como gerente de agência, o que me permitiu acumular muita experiência em todas as etapas do processo bancário, entre as quais relações com clientes, crédito e administração.&nbsp;<br>&nbsp;Vou me mudar para Phoenix no mês de maio e tenho certeza de que posso contribuir para o crescimento e o aumento do lucro de sua instituição. Estarei na cidade na semana do dia 3 de abril e adoraria ter a oportunidade de lhe mostrar como posso ajudar seu banco a alcançar suas metas.&nbsp;</p><p><i>Atenciosamente,&nbsp;</i><br><i>Barbara L. Anderson</i></p>',21,'2025-01-13 14:03:44','2025-01-13 14:03:44'),(283,1,20,'<p>Hoje em dia, milhares de vendedores cansados, desencorajados e mal remunerados lotam as calçadas das ruas. Por quê? Porque só pensam no que desejam. Eles não percebem que as pessoas não querem comprar nada. Se quisessem, sairiam para comprar. O fato é que as pessoas só estão interessadas em resolver os próprios problemas. Se os vendedores conseguissem mostrar como seus serviços ou suas mercadorias nos ajudarão a resolver nossos problemas, não precisariam vender nada. As pessoas comprariam. E os clientes gostam de sentir que estão comprando, e não que alguém está lhes vendendo algo.</p>',22,'2025-01-13 14:07:52','2025-01-13 14:07:52'),(284,1,20,'<p>&nbsp;Naquele mesmo dia o outro corretor, John, o viu na calçada com um colega enquanto voltava de uma pausa para o café e gritou: “Ei, Luke, espere aí! Tenho uma grande notícia para vocês.” Saiu correndo e, empolgado, contou-lhes sobre o seguro de vida para executivos que sua empresa tinha lançado naquele mesmo dia. (O mesmo que Carl mencionara casualmente.) “John queria que nossas apólices fossem as primeiras a ser emitidas”, explicou Lucas. O corretor citou alguns fatos importantes sobre a cobertura e terminou dizendo: “É um seguro tão novo que vou pedir para alguém da sede vir aqui amanhã dar explicações. Enquanto isso, vamos assinar e enviar os formulários, para que a pessoa que venha aqui tenha mais dados para trabalhar.”&nbsp;&nbsp;<br>&nbsp;Como ressaltou Lucas, “o entusiasmo dele despertou em nós um desejo ardente pelo seguro, embora ainda não tivéssemos os detalhes. Um tempo depois, as informações confirmaram a primeira impressão de John sobre as apólices e ele não só vendeu um seguro para cada um de nós como depois dobrou nossa cobertura”.&nbsp;<br>&nbsp;Lucas terminou a história dizendo: “Carl poderia ter vendido essas apólices para nós, mas não fez qualquer esforço para despertar nosso desejo.”</p>',23,'2025-01-13 14:12:30','2025-01-13 14:12:30'),(285,1,20,'<p>O mundo está cheio de gente ambiciosa e egoísta. Por isso, o raro indivíduo que é altruísta e busca servir aos outros está em grande vantagem. A concorrência é pequena. Owen D. Young, advogado famoso e fundador da Radio Corporation of America (RCA), disse uma vez: “Aqueles que conseguem se colocar no lugar dos outros, que conseguem compreender&nbsp;o funcionamento da mente alheia, não precisam se preocupar com o que o&nbsp;futuro lhes reserva.”</p>',24,'2025-01-13 14:12:57','2025-01-13 14:12:57'),(286,1,20,'<p>Enxergar o ponto de vista da outra pessoa e despertar nela um desejo ardente não deve ser encarado como manipulação para tirar proveito dela ou prejudicá-la. Todos os envolvidos devem ganhar com a negociação. Nas cartas para o Sr. Vermylen, tanto o remetente quanto o destinatário lucrariam com a implementação das medidas sugeridas. Tanto a Sra. Anderson quanto o banco que a contratou se beneficiaram da carta enviada, pois a instituição contratou uma funcionária valiosa e ela conquistou um bom emprego. A melhor maneira de motivar alguém a fazer alguma coisa por você é mostrar que isso também vai beneficiar essa outra pessoa.</p>',25,'2025-01-13 14:16:44','2025-01-13 14:16:44'),(288,1,20,'<p><span style=\"background-color:rgb(248,250,252);color:rgb(33,37,41);\">&nbsp;“Quero que venham jogar basquete. Eu gosto de jogar, mas as últimas vezes que fui à quadra não havia gente suficiente. Numa dessas noites, eu e mais duas pessoas estávamos batendo uma bola e... acabei com o olho roxo. Queria que todos aparecessem lá amanhã à noite. Quero jogar basquete.”&nbsp;</span><br><span style=\"background-color:rgb(248,250,252);color:rgb(33,37,41);\">&nbsp;Ele falou algo de interessante? Você não quer ir a uma quadra deserta, quer? Além disso, também não liga para o que o outro deseja, e certamente não quer arranjar um olho roxo.&nbsp;</span><br><span style=\"background-color:rgb(248,250,252);color:rgb(33,37,41);\">&nbsp;Será que ele poderia demonstrar aos colegas como obter o que eles desejam indo ao ginásio? Com certeza. Mais energia. Mais apetite. Mente ativa. Diversão. Jogos. Basquete.&nbsp;</span><br><span style=\"background-color:rgb(248,250,252);color:rgb(33,37,41);\">&nbsp;Repetindo o sábio conselho do professor Overstreet: <i>Primeiro desperte no outro um desejo ardente. Quem consegue isso tem o mundo inteiro a seu lado; quem não consegue trilha um caminho solitário.</i></span></p>',26,'2025-01-13 14:21:50','2025-01-13 14:21:55'),(289,1,20,'<p>Princípio 3: <i>Desperte no outro um desejo ardente.</i></p>',27,'2025-01-13 14:22:35','2025-01-13 14:22:35'),(290,2,21,'<p>Note 01</p>',0,'2025-01-13 15:48:27','2025-01-13 15:48:27'),(291,2,21,'<p>Note 02</p>',1,'2025-01-13 15:48:33','2025-01-13 15:48:33'),(292,2,21,'<p>Note 03</p>',2,'2025-01-13 15:48:38','2025-01-13 15:48:38'),(293,2,22,'<p>Note 01</p>',0,'2025-01-13 15:48:56','2025-01-13 15:48:56'),(294,2,22,'<p>Note 02</p>',1,'2025-01-13 15:49:02','2025-01-13 15:49:02'),(295,2,22,'<p>Note 03</p>',2,'2025-01-13 15:49:13','2025-01-13 15:49:13'),(297,1,24,'<p>Nome do Agente: Matheus Phillips<br>Idade: 26 anos<br>Aparência: Cabelo violeta claro, usa piercing na sombrancelha direita, e brinco na orelha direita, tem uma barba em ralinha, um cabelo curto, usa um sobretudo com flores rosas na cor violeta.</p>',0,'2025-01-14 14:15:58','2025-01-14 14:15:58'),(298,1,24,'<p>Matheus Phillips ingressou no exercito ao 18 anos, e estava seguindo carreira militar mas após uma missão de reconhecimento na amazônia ele nunca mais foi o mesmo, ele viu seu amigo morrer pra uma criatura na qual ele desconhecia, isso o abalou, e muitos dos homens que estavam com ele no final do combate com a criatura que desapareceu, o governo acobertou tudo, e disseram que os homens não estavam muito bem da cabeça, desacreditado da realidade, Matheus correu atrás da verdade, até encontrar algo, e foi assim que ele encontrou a Ordo Realista, em uma de suas missões, foi visto como um homem promissor e foi chamado para a mesma, após isso ele saiu do exercito pois ele não via mais sentido em ficar em um lugar onde ignoravam o que viera acabado de acontecer, Matheus se consolida na Ordo Realista como atirador a distancia, sendo bem carismático e parceiro, a maioria das missão ele faz em dupla ou sozinho,&nbsp;</p>',1,'2025-01-14 14:25:52','2025-01-14 14:25:52'),(299,1,25,'<p>Você nunca leu um livro de psicologia, Tippy. Não precisava. Sabia, por algum instinto divino, que conseguia fazer mais amigos em dois meses demonstrando interesse genuíno pelos outros do que em dois anos tentando fazer os outros se interessarem por você. Vou repetir. É possível fazer mais amigos em dois meses demonstrando interesse por eles do que em dois anos tentando fazer com que os outros se interessem por você.</p>',0,'2025-01-15 13:57:53','2025-01-15 13:57:53'),(300,1,25,'<p>No entanto, nós sabemos que, na prática, as pessoas tropeçam pela vida afora tentando fazer com que os outros se interessem por elas. Claro que essa tática não funciona. Ninguém quer saber de você. Ninguém quer saber de mim. As pessoas só querem saber de si mesmas – de manhã, ao meio-dia e depois do jantar.<br>A Companhia Telefônica de Nova York elaborou um estudo detalhado de conversas telefônicas para descobrir a palavra mais usada. Você já sabe qual é: o pronome pessoal “eu”, que foi usado 3.900 vezes em 500 ligações. Quando você vê uma foto de grupo, quem procura em primeiro lugar?<br>Se tentarmos apenas impressionar as pessoas e despertar o interesse delas por nós, nunca teremos muitos amigos sinceros. Não é assim que se conquista um amigo de verdade.</p>',1,'2025-01-15 14:02:48','2025-01-15 14:02:48'),(301,1,25,'<p>O renomado psicólogo austríaco Alfred Adler escreveu um livro chamado What Life Should Mean to You (O que a vida deve significar para você), no qual afirma: “O indivíduo que não se interessa pelo seu semelhante passa pelas maiores dificuldades na vida e causa os maiores males aos outros. É entre esses indivíduos que se verificam todos os fracassos humanos.”</p>',2,'2025-01-15 14:03:06','2025-01-15 14:03:06'),(302,1,25,'<p>Em segundo lugar, Thurston tinha um interesse genuíno pelas pessoas. Ele me revelou que muitos mágicos olhavam para a plateia e diziam a si mesmos: “Aí está um bando de bobos, um bando de caipiras. Vou enganar todo mundo.” O método de Thurston, porém, era totalmente diferente. Ele me contou que cada vez que subia ao palco dizia a si mesmo: “Eu me sinto grato porque essas pessoas vieram me ver. Graças a elas consigo ganhar a vida fazendo o que gosto. Vou lhes proporcionar o melhor espetáculo possível.”<br>Ele declarou que nunca pisava no palco sem primeiro repetir para si mesmo: “Eu amo meu público. Eu amo meu público.” Ridículo? Absurdo? Você tem o direito de pensar o que quiser. Estou apenas reproduzindo, sem fazer comentários, uma receita utilizada por um dos mais famosos mágicos de todos os tempos.</p>',3,'2025-01-15 14:12:25','2025-01-15 14:12:25'),(303,1,25,'<p>George Dyke, de North Warren, Pensilvânia, foi obrigado a deixar seu posto de gasolina e oficina mecânica após 30 anos de trabalho quando construíram uma autoestrada que passava bem no terreno onde estava seu negócio. Não demorou muito para que os dias ociosos da aposentadoria o deixassem entediado; assim, ele começou a passar o tempo tocando seu velho violino. Não demorou para que começasse a viajar pela região a fim de ouvir música e conversar com violinistas talentosos da área. Com seu jeito humilde e amistoso, George procurava descobrir o passado e os interesses de cada músico que conhecia.<br>Embora não fosse um grande violinista, fez muitas amizades. Comparecia a festivais e logo se tornou conhecido entre os fãs de música country como “Tio George, o Arranhador de Cordas de Violino do Condado de Kinzua”. Naquela época Tio George estava com 72 anos e aproveitava cada minuto de sua vida. Ao manter um interesse genuíno pelas outras pessoas, ele criou um novo mundo para si numa fase da vida em que a maioria das pessoas considera que sua capacidade produtiva já acabou.</p>',4,'2025-01-15 14:16:57','2025-01-15 14:16:57'),(304,1,25,'<p>Esse também era um dos segredos da espantosa popularidade de Theodore Roosevelt. Até os empregados domésticos o amavam. Seu valete, James E. Amos, escreveu um livro sobre ele chamado Theodore Roosevelt, Hero to His Valet (Theodore Roosevelt, um herói para seu valete). Na obra, o Sr. Amos relata um incidente esclarecedor:</p><p><i>Certo dia minha mulher perguntou ao presidente sobre um determinado tipo de perdiz. Ela nunca tinha visto aquele tipo específico, e Roosevelt descreveu o animal em detalhes. Tempos depois, tocou o telefone na nossa casa. [Amos e a mulher moravam numa casinha na propriedade de Roosevelt em Oyster Bay.] Minha mulher atendeu e era o Sr. Roosevelt do outro lado da linha. Ele havia telefonado para avisar que uma perdiz daquela raça estava perto da nossa janela e que, se ela olhasse para fora, veria a ave. Pequenas coisas como essa eram típicas dele. Sempre que passava por nossa casa, mesmo quando não estávamos à vista, o ouvíamos chamar “Ooo, Anniiiie!” ou “Ooo, Jaaaames!”. Era seu jeito de fazer uma saudação carinhosa quando passava por lá.</i></p>',5,'2025-01-15 14:18:07','2025-01-15 14:18:07'),(305,1,25,'<p>Certo dia Roosevelt apareceu na Casa Branca quando o presidente ­Taft e sua esposa não se encontravam. Ele demonstrou seu carinho sincero pelas pessoas humildes cumprimentando todos os antigos funcionários da Casa Branca pelo nome, até as copeiras. De acordo com o jornalista e militar Archie Butt:<br>“Quando viu Alice, uma das empregadas da cozinha, Roosevelt perguntou se ainda fazia broa de milho. Alice contou que ainda preparava a broa para os criados ocasionalmente, mas que ninguém a comia no andar de cima. ‘Eles demonstram mau gosto, e direi isso ao presidente quando o vir’, disse Roosevelt em voz alta. Alice lhe serviu uma broa num prato e ele foi para o escritório comendo e cumprimentando jardineiros e outros funcionários enquanto passava [...]. Roosevelt se dirigiu a cada pessoa da mesma forma que costumava fazer no passado. Ike Hoover, porteiro-chefe da Casa Branca durante quarenta anos, tinha lágrimas nos olhos ao dizer: ‘Este é o único dia feliz que tivemos em quase dois anos, e nenhum de nós trocaria este momento por uma nota de 100 dólares.’”</p>',6,'2025-01-15 14:24:05','2025-01-15 14:24:05'),(306,1,25,'<p>A mesma preocupação por pessoas menos favorecidas ajudou o representante de vendas Edward M. Sykes, de Chantham, Nova Jersey, a manter uma conta. Eis o relato dele:<br>“Muitos anos atrás, eu fazia visitas a clientes para a Johnson &amp; Johnson na região de Massachusetts. Uma das contas pertencia a uma farmácia em Hingham. Sempre que eu entrava na loja, conversava por alguns minutos com o funcionário que servia refrigerantes e com o balconista antes de falar&nbsp;com o dono e anotar o pedido. Certo dia, procurei o dono da loja e ele me mandou sair, pois não estava mais interessado em comprar produtos da J&amp;J. Alegou que a empresa estava concentrando suas atividades em mercados e bazares, em detrimento das pequenas farmácias. Saí com o rabo entre as pernas e passei algumas horas dirigindo sem rumo pelas ruas da cidadezinha. Por fim, decidi voltar e tentar ao menos explicar a posição da&nbsp;empresa para o dono da loja.”<br>Sykes contou que, ao chegar, cumprimentou o vendedor de refrigerantes e o balconista como sempre fazia. “Quando procurei o dono, ele sorriu, me recebeu bem e fez um pedido duas vezes maior que o normal. Fiquei surpreso e perguntei o que havia acontecido, pois minha visita anterior tinha sido poucas horas antes. Ele apontou para o vendedor de refrigerantes e disse que, depois que eu saí, o jovem entrou em sua sala e comentou que eu era um dos poucos vendedores que se davam ao trabalho de cumprimentar todo mundo. Disse ao dono da loja que, se havia algum vendedor que merecia suas vendas, essa pessoa era eu. O dono concordou e permaneceu sendo um cliente fiel. Nunca esqueci que o interesse genuíno nos outros é uma das mais importantes qualidades para um vendedor... aliás, isso vale para qualquer pessoa.”</p>',7,'2025-01-15 14:24:59','2025-01-15 14:24:59');
/*!40000 ALTER TABLE `notes` ENABLE KEYS */;
UNLOCK TABLES;

--
-- Table structure for table `password_reset_tokens`
--

DROP TABLE IF EXISTS `password_reset_tokens`;
/*!40101 SET @saved_cs_client     = @@character_set_client */;
/*!50503 SET character_set_client = utf8mb4 */;
CREATE TABLE `password_reset_tokens` (
  `email` varchar(255) COLLATE utf8mb4_unicode_ci NOT NULL,
  `token` varchar(255) COLLATE utf8mb4_unicode_ci NOT NULL,
  `created_at` timestamp NULL DEFAULT NULL,
  PRIMARY KEY (`email`)
) ENGINE=InnoDB DEFAULT CHARSET=utf8mb4 COLLATE=utf8mb4_unicode_ci;
/*!40101 SET character_set_client = @saved_cs_client */;

--
-- Dumping data for table `password_reset_tokens`
--

LOCK TABLES `password_reset_tokens` WRITE;
/*!40000 ALTER TABLE `password_reset_tokens` DISABLE KEYS */;
/*!40000 ALTER TABLE `password_reset_tokens` ENABLE KEYS */;
UNLOCK TABLES;

--
-- Table structure for table `sessions`
--

DROP TABLE IF EXISTS `sessions`;
/*!40101 SET @saved_cs_client     = @@character_set_client */;
/*!50503 SET character_set_client = utf8mb4 */;
CREATE TABLE `sessions` (
  `id` varchar(255) COLLATE utf8mb4_unicode_ci NOT NULL,
  `user_id` bigint unsigned DEFAULT NULL,
  `ip_address` varchar(45) COLLATE utf8mb4_unicode_ci DEFAULT NULL,
  `user_agent` text COLLATE utf8mb4_unicode_ci,
  `payload` longtext COLLATE utf8mb4_unicode_ci NOT NULL,
  `last_activity` int NOT NULL,
  PRIMARY KEY (`id`),
  KEY `sessions_user_id_index` (`user_id`),
  KEY `sessions_last_activity_index` (`last_activity`)
) ENGINE=InnoDB DEFAULT CHARSET=utf8mb4 COLLATE=utf8mb4_unicode_ci;
/*!40101 SET character_set_client = @saved_cs_client */;

--
-- Dumping data for table `sessions`
--

LOCK TABLES `sessions` WRITE;
/*!40000 ALTER TABLE `sessions` DISABLE KEYS */;
INSERT INTO `sessions` VALUES ('6yuZ3ynEBSlZjrpkRQ7qchQGfJHYfx5JkFM0t8qa',NULL,'127.0.0.1','Mozilla/5.0 (X11; Linux x86_64) AppleWebKit/537.36 (KHTML, like Gecko) Chrome/131.0.0.0 Safari/537.36','YTo1OntzOjY6Il90b2tlbiI7czo0MDoiVFJLU1N4OVFTZVdUYzlIYzFJWFZFRE1CYWRFcEtPSzlETFdTeHp5diI7czozOiJ1cmwiO2E6MTp7czo4OiJpbnRlbmRlZCI7czoxMjoiaHR0cDovL2lkZXRhIjt9czo2OiJfZmxhc2giO2E6Mjp7czozOiJvbGQiO2E6MDp7fXM6MzoibmV3IjthOjA6e319czoxNToidGltZV91c2Vfc3lzdGVtIjtpOjE3MzY3OTQxODQ7czo5OiJfcHJldmlvdXMiO2E6MTp7czozOiJ1cmwiO3M6MTg6Imh0dHA6Ly9pZGV0YS9sb2dpbiI7fX0=',1736794184),('B2hFrvsKqbS6nrOL1NhCaTGG5TcH9cS6J0sEo0D1',NULL,'127.0.0.1','Mozilla/5.0 (X11; Linux x86_64) AppleWebKit/537.36 (KHTML, like Gecko) Chrome/131.0.0.0 Safari/537.36','YTo1OntzOjY6Il90b2tlbiI7czo0MDoiTlROMlNRNzVUNUFONnJiQUhiWFU2MjhIUlM1aWNqYlVmeWFFTkVqZyI7czozOiJ1cmwiO2E6MTp7czo4OiJpbnRlbmRlZCI7czoxMjoiaHR0cDovL2lkZXRhIjt9czo2OiJfZmxhc2giO2E6Mjp7czozOiJvbGQiO2E6MDp7fXM6MzoibmV3IjthOjA6e319czoxNToidGltZV91c2Vfc3lzdGVtIjtpOjE3MzY4Nzc2MzM7czo5OiJfcHJldmlvdXMiO2E6MTp7czozOiJ1cmwiO3M6MTg6Imh0dHA6Ly9pZGV0YS9sb2dpbiI7fX0=',1736877633),('c0LLXiDHr77GYhkAVkrnSbCaYh6JcWzYFEakxhyl',1,'127.0.0.1','Mozilla/5.0 (X11; Linux x86_64) AppleWebKit/537.36 (KHTML, like Gecko) Chrome/131.0.0.0 Safari/537.36','YTo2OntzOjY6Il90b2tlbiI7czo0MDoiVTNaNTgxSTgwQ1FaMGwwN3czdFh3c0U5cVl2dXdqT3B4elo5V2ZLYyI7czozOiJ1cmwiO2E6MTp7czo4OiJpbnRlbmRlZCI7czoyMToiaHR0cDovLzEyNy4wLjAuMTo4MDAxIjt9czo5OiJfcHJldmlvdXMiO2E6MTp7czozOiJ1cmwiO3M6MjE6Imh0dHA6Ly8xMjcuMC4wLjE6ODAwMSI7fXM6NjoiX2ZsYXNoIjthOjI6e3M6Mzoib2xkIjthOjA6e31zOjM6Im5ldyI7YTowOnt9fXM6MTU6InRpbWVfdXNlX3N5c3RlbSI7aToxNzM2Nzg4MjM4O3M6NTA6ImxvZ2luX3dlYl81OWJhMzZhZGRjMmIyZjk0MDE1ODBmMDE0YzdmNThlYTRlMzA5ODlkIjtpOjE7fQ==',1736788361),('cVs998x9mZOM3vg5ettbYM5qVIos3Qncc51KYtS5',1,'127.0.0.1','Mozilla/5.0 (X11; Linux x86_64) AppleWebKit/537.36 (KHTML, like Gecko) Chrome/131.0.0.0 Safari/537.36','YTo2OntzOjY6Il90b2tlbiI7czo0MDoiZ1Vud2N3R1hHTzJGTUxxd2dlaFB2enVvM2pkeHNzYkhsc2dGSkgwSSI7czozOiJ1cmwiO2E6MTp7czo4OiJpbnRlbmRlZCI7czoxMjoiaHR0cDovL2lkZXRhIjt9czo5OiJfcHJldmlvdXMiO2E6MTp7czozOiJ1cmwiO3M6MjA6Imh0dHA6Ly9pZGV0YS9ub3Rhcy84Ijt9czo2OiJfZmxhc2giO2E6Mjp7czozOiJvbGQiO2E6MDp7fXM6MzoibmV3IjthOjA6e319czo1MDoibG9naW5fd2ViXzU5YmEzNmFkZGMyYjJmOTQwMTU4MGYwMTRjN2Y1OGVhNGUzMDk4OWQiO2k6MTtzOjE1OiJ0aW1lX3VzZV9zeXN0ZW0iO2k6MTczNjg1Mzk1Mjt9',1736855074),('FHNNWlvErn8vHL96q7SRZvlDkE4LWo72kDiw3ELn',NULL,'127.0.0.1','Mozilla/5.0 (X11; Linux x86_64) AppleWebKit/537.36 (KHTML, like Gecko) Chrome/131.0.0.0 Safari/537.36','YTo1OntzOjY6Il90b2tlbiI7czo0MDoiMWtFa0ttOXZOVEQzeEp3ejBlVGNpVkdpRTVxMTdzVWt2RlNnQ000cyI7czozOiJ1cmwiO2E6MTp7czo4OiJpbnRlbmRlZCI7czoxMjoiaHR0cDovL2lkZXRhIjt9czo2OiJfZmxhc2giO2E6Mjp7czozOiJvbGQiO2E6MDp7fXM6MzoibmV3IjthOjA6e319czoxNToidGltZV91c2Vfc3lzdGVtIjtpOjE3MzY5NDAzNjc7czo5OiJfcHJldmlvdXMiO2E6MTp7czozOiJ1cmwiO3M6MTg6Imh0dHA6Ly9pZGV0YS9sb2dpbiI7fX0=',1736940367);
/*!40000 ALTER TABLE `sessions` ENABLE KEYS */;
UNLOCK TABLES;

--
-- Table structure for table `user_metrics`
--

DROP TABLE IF EXISTS `user_metrics`;
/*!40101 SET @saved_cs_client     = @@character_set_client */;
/*!50503 SET character_set_client = utf8mb4 */;
CREATE TABLE `user_metrics` (
  `id` bigint unsigned NOT NULL AUTO_INCREMENT,
  `user_id` bigint unsigned NOT NULL,
  `total_categories` int NOT NULL,
  `total_ideas` int NOT NULL,
  `total_notes` int NOT NULL,
  `total_usage_time` int NOT NULL DEFAULT '0',
  `last_category_created` bigint unsigned DEFAULT NULL,
  `created_at` timestamp NULL DEFAULT NULL,
  `updated_at` timestamp NULL DEFAULT NULL,
  PRIMARY KEY (`id`),
  KEY `user_metrics_user_id_foreign` (`user_id`),
  KEY `user_metrics_last_category_created_foreign` (`last_category_created`),
  CONSTRAINT `user_metrics_last_category_created_foreign` FOREIGN KEY (`last_category_created`) REFERENCES `categories` (`id`),
  CONSTRAINT `user_metrics_user_id_foreign` FOREIGN KEY (`user_id`) REFERENCES `users` (`id`)
) ENGINE=InnoDB AUTO_INCREMENT=3 DEFAULT CHARSET=utf8mb4 COLLATE=utf8mb4_unicode_ci;
/*!40101 SET character_set_client = @saved_cs_client */;

--
-- Dumping data for table `user_metrics`
--

LOCK TABLES `user_metrics` WRITE;
/*!40000 ALTER TABLE `user_metrics` DISABLE KEYS */;
INSERT INTO `user_metrics` VALUES (1,1,11,21,279,5290,16,'2025-01-13 20:07:01','2025-01-15 14:26:07'),(2,2,2,2,6,7619,NULL,'2025-01-13 20:07:01','2025-01-13 20:10:28');
/*!40000 ALTER TABLE `user_metrics` ENABLE KEYS */;
UNLOCK TABLES;

--
-- Table structure for table `users`
--

DROP TABLE IF EXISTS `users`;
/*!40101 SET @saved_cs_client     = @@character_set_client */;
/*!50503 SET character_set_client = utf8mb4 */;
CREATE TABLE `users` (
  `id` bigint unsigned NOT NULL AUTO_INCREMENT,
  `name` varchar(255) COLLATE utf8mb4_unicode_ci NOT NULL,
  `email` varchar(255) COLLATE utf8mb4_unicode_ci NOT NULL,
  `email_verified_at` timestamp NULL DEFAULT NULL,
  `password` varchar(255) COLLATE utf8mb4_unicode_ci NOT NULL,
  `remember_token` varchar(100) COLLATE utf8mb4_unicode_ci DEFAULT NULL,
  `created_at` timestamp NULL DEFAULT NULL,
  `updated_at` timestamp NULL DEFAULT NULL,
  PRIMARY KEY (`id`),
  UNIQUE KEY `users_email_unique` (`email`)
) ENGINE=InnoDB AUTO_INCREMENT=3 DEFAULT CHARSET=utf8mb4 COLLATE=utf8mb4_unicode_ci;
/*!40101 SET character_set_client = @saved_cs_client */;

--
-- Dumping data for table `users`
--

LOCK TABLES `users` WRITE;
/*!40000 ALTER TABLE `users` DISABLE KEYS */;
INSERT INTO `users` VALUES (1,'Lêvy P. Alves','levy.pereiraA1532@gmail.com',NULL,'$2y$12$qAezcGW.lhtGtb0T7brKOeyoDo8vcj6p6CPnkH/Z.Sm3TvzKiqsr6',NULL,'2024-12-12 06:42:33','2025-01-10 05:08:56'),(2,'Daniel Cauan','danielcauanpa299@gmail.com',NULL,'$2y$12$qAezcGW.lhtGtb0T7brKOeyoDo8vcj6p6CPnkH/Z.Sm3TvzKiqsr6',NULL,'2024-12-24 00:40:15','2024-12-24 00:40:15');
/*!40000 ALTER TABLE `users` ENABLE KEYS */;
UNLOCK TABLES;
/*!40103 SET TIME_ZONE=@OLD_TIME_ZONE */;

/*!40101 SET SQL_MODE=@OLD_SQL_MODE */;
/*!40014 SET FOREIGN_KEY_CHECKS=@OLD_FOREIGN_KEY_CHECKS */;
/*!40014 SET UNIQUE_CHECKS=@OLD_UNIQUE_CHECKS */;
/*!40101 SET CHARACTER_SET_CLIENT=@OLD_CHARACTER_SET_CLIENT */;
/*!40101 SET CHARACTER_SET_RESULTS=@OLD_CHARACTER_SET_RESULTS */;
/*!40101 SET COLLATION_CONNECTION=@OLD_COLLATION_CONNECTION */;
/*!40111 SET SQL_NOTES=@OLD_SQL_NOTES */;

-- Dump completed on 2025-01-15  8:33:20
